ref	pubdate	months	yearstart	yearend	season	environment	ocean	locality	gear	mindepth	maxdepth	latmin	latmid	latmax	longmin	longmid	longmax	genus	genusconfirmed	species	spconfirmed	minmesh	maxmesh	tow	stage	minsize	midsize	maxsize	combmaxsize	genusfbms	fbmaxsize	method	nstomachs	nstomachsfish	fishvalue	fishmetric	primarydiet	primarygroup	secondarydiet	secondarygroup	tertiarydiet	tertiarygroup	copepods	fish	explicit	fishid	notes
alwis1988a	1988	jun,jul,nov,dec	1982	1982	multiple	tropical	indian	tanzania	pelagic trawl			-2	-6	-10	41	41.5	42	benthosema	benthosema	benthosema suborbitale	benthosema suborbitale	21	21	discrete depth	adult	20	25	30	30	103	39	gut	36		0	%W	copepods	crustaceans	euphausiids	crustaceans	crustacean larvae	crustaceans	yes	no	yes		
alwis1988a	1988	jun,jul,nov,dec	1982	1982	multiple	tropical	indian	tanzania	pelagic trawl			-2	-6	-10	41	41.5	42	diaphus	diaphus	diaphus jenseni	diaphus jenseni	21	21	discrete depth	adult	22	26	30	30	170	50	gut	40		0	%W	copepods	crustaceans					yes	no	yes		
alwis1988a	1988	jun,jul,nov,dec	1982	1982	multiple	tropical	indian	tanzania	pelagic trawl			-2	-6	-10	41	41.5	42	triphoturus	triphoturus	triphoturus microchir	triphoturus nigrescens	21	21	discrete depth	adult	25	28.5	32	32	81	81	gut	31		0	%W	copepods	crustaceans	euphausiids	crustaceans	crustacean larvae	crustaceans	yes	no	yes		
alwis1988a	1988	jun,jul,nov,dec	1982	1982	multiple	tropical	indian	tanzania	pelagic trawl			-2	-6	-10	41	41.5	42	benthosema	benthosema	benthosema pterotum	benthosema pterotum	21	21	discrete depth	adult	25	29	33	33	103	70	gut	52		0	%W	copepods	crustaceans	euphausiids	crustaceans	crustacean larvae	crustaceans	yes	no	yes		
alwis1988a	1988	jun,jul,nov,dec	1982	1982	multiple	tropical	indian	tanzania	pelagic trawl			-2	-6	-10	41	41.5	42	diaphus	diaphus	diaphus nielseni	diaphus nielseni	21	21	discrete depth	adult	30	34	38	38	170	40	gut	40		0	%W	copepods	crustaceans	crustacean larvae	crustaceans			yes	no	yes		
alwis1988a	1988	jun,jul,nov,dec	1982	1982	multiple	tropical	indian	tanzania	pelagic trawl			-2	-6	-10	41	41.5	42	diaphus	diaphus	diaphus garmani	diaphus garmani	21	21	discrete depth	adult	30	41.5	53	53	170	60	gut	209	3		%W	copepods	crustaceans	crustacean larvae	crustaceans	eupahusiids	crustaceans	yes	yes	yes	myctophids	
alwis1988a	1988	jun,jul,nov,dec	1982	1982	multiple	tropical	indian	tanzania	pelagic trawl			-2	-6	-10	41	41.5	42	diaphus	diaphus	diaphus perspicillatus	diaphus perspicillatus	21	21	discrete depth	adult	25	42.5	60	60	170	104	gut	40		0	%W	copepods	crustaceans	euphausiids	crustaceans	ostracods	crustaceans	yes	no	yes		
alwis1988a	1988	jun,jul,nov,dec	1982	1982	multiple	tropical	indian	tanzania	pelagic trawl			-2	-6	-10	41	41.5	42	lampanyctus	lampanyctus	lampanyctus sp	lampanyctus sp	21	21	discrete depth	adult	25	43.5	62	62	300		gut	57			%W	euphausiids	crustaceans	copepods	crustaceans	crustacean larvae	crustaceans	no	yes	yes	myctophids	
alwis1988a	1988	jun,jul,nov,dec	1982	1982	multiple	tropical	indian	tanzania	pelagic trawl			-2	-6	-10	41	41.5	42	ceratoscopelus	ceratoscopelus	ceratoscopelus warmingii	ceratoscopelus warmingii	21	21	discrete depth	adult	28	44	60	60	184	102	gut	43			%W	copepods	crustaceans	euphausiids	crustaceans	crustacean larvae	crustaceans	yes	yes	yes	myctophids	
alwis1988a	1988	jun,jul,nov,dec	1982	1982	multiple	tropical	indian	tanzania	pelagic trawl			-2	-6	-10	41	41.5	42	benthosema	benthosema	benthosema fibulatum	benthosema fibulatum	21	21	discrete depth	adult	25	46	67	67	103	100	gut	166	2		%W	copepods	crustaceans	crustacean larvae	crustaceans	amphipods	crustaceans	yes	yes	yes	unknown	
alwis1988a	1988	jun,jul,nov,dec	1982	1982	multiple	tropical	indian	tanzania	pelagic trawl			-2	-6	-10	41	41.5	42	symbolophorus	symbolophorus	symbolophorus evermanni	symbolophorus evermanni	21	21	discrete depth	adult	25	56	87	87	160	117	gut	86		0	%W	euphausiids	crustaceans	crustacean larvae	crustaceans	copepods	crustaceans	no	no	yes		
alwis1988a	1988	jun,jul,nov,dec	1982	1982	multiple	tropical	indian	tanzania	pelagic trawl			-2	-6	-10	41	41.5	42	myctophum	myctophum	myctophum brachygnathum	myctophum brachygnathum	21	21	discrete depth	adult	55	62.5	70	70	110		gut	131	20		%W	molluscs	molluscs	larvaceans	gelatinous	copepods	crustaceans	no	yes	yes	unknown	
alwis1988a	1988	jun,jul,nov,dec	1982	1982	multiple	tropical	indian	tanzania	pelagic trawl			-2	-6	-10	41	41.5	42	myctophum	myctophum	myctophum obtusirostrum	myctophum obtusirostrum	21	21	discrete depth	adult	50	65	80	80	110	90	gut	43		0	%W	molluscs	molluscs	copepods	crustaceans	euphausiids	crustaceans	no	no	yes		
alwis1988a	1988	jun,jul,nov,dec	1982	1982	multiple	tropical	indian	tanzania	pelagic trawl			-2	-6	-10	41	41.5	42	diaphus	diaphus	diaphus thiollierei	diaphus thiollierei	21	21	discrete depth	adult	60	85	110	110	170	100	gut	81		0	%W	copepods	crustaceans	euphausiids	crustaceans	crustacean larvae	crustaceans	yes	no	yes		
alwis1988a	1988	jun,jul,nov,dec	1982	1982	multiple	tropical	indian	tanzania	pelagic trawl			-2	-6	-10	41	41.5	42	diaphus	diaphus	diaphus watasei	diaphus watasei	21	21	discrete depth	adult	50	95	140	140	170	170	gut	330	11		%W	copepods	crustaceans	euphausiids	crustaceans	squid	molluscs	yes	yes	yes	myctophids	
alwis1988b	1988	aug,nov,dec	1981	1981	multiple	tropical	atlantic	mauritiania	trawl, neuston			20	11.5	3	-18	-11.5	-5	diaphus	diaphus	diaphus dumerilii	diaphus dumerilii	10	10	discrete depth, surface	adult	20	45	70	70	170	95	gut	299			%W	copepods	crustaceans	euphausiids	crustaceans	larvaceans	gelatinous	yes	yes	yes	unknown	
alwis1988b	1988	aug,nov,dec	1981	1981	multiple	tropical	atlantic	mauritiania	trawl, neuston			20	11.5	3	-18	-11.5	-5	diaphus	diaphus	diaphus taaningi	diaphus taaningi	10	10	discrete depth, surface	adult				70	170	70	gut	23		0	%W	copepods	crustaceans	larvaceans	gelatinous	crustacean larvae	crustaceans	yes	no	yes		
alwis1988b	1988	aug,nov,dec	1981	1981	multiple	tropical	atlantic	mauritiania	trawl, neuston			20	11.5	3	-18	-11.5	-5	myctophum	myctophum	myctophum affine	myctophum affine	10	10	discrete depth, surface	adult				79	110	79	gut	17		0	%W	copepods	crustaceans	amphipods	crustaceans	crustacean larvae	crustaceans	yes	no	yes		
alwis1988b	1988	aug,nov,dec	1981	1981	multiple	tropical	atlantic	mauritiania	trawl, neuston			20	11.5	3	-18	-11.5	-5	myctophum	myctophum	myctophum nitidulum	myctophum nitidulum	10	10	discrete depth, surface	adult				83	110	83	gut	9			%W	crustaceans	crustaceans	copepods	crustaceans	fish larvae	pisces	no	yes	yes	unknown	
applebaum1982	1982	march,april	1979	1979	spring	temperate	atlantic	sargasso sea	mocness, ikmt, trawl, ringnet	0	1800	20	32.5	45	-10	-40	-70	ceratoscopelus	ceratoscopelus	ceratoscopelus warmingii	ceratoscopelus warmingii				adult	22.5	43.5	64.5	64.5	184	102	gut	278	107		%W	copepods	crustaceans	ostracods	crustaceans	amphipods	crustaceans	yes	yes	yes	myctophid, ariosoma, gnathophis	
applebaum1982	1982	march,april	1979	1979	spring	temperate	atlantic	sargasso sea	mocness, ikmt, trawl, ringnet	0	1800	20	32.5	45	-10	-40	-70	benthosema	benthosema	benthosema glaciale	benthosema glaciale				adult				103	103	103	gut	8		0	%W	crustaceans	crustaceans					no	no	no		
applebaum1982	1982	march,april	1979	1979	spring	temperate	atlantic	sargasso sea	mocness, ikmt, trawl, ringnet	0	1800	20	32.5	45	-10	-40	-70	bolinichthys	bolinichthys	bolinichthys indicus	bolinichthys indicus				adult				46	117	46	gut			0	%W	crustaceans	crustaceans					no	no	no		
applebaum1982	1982	march,april	1979	1979	spring	temperate	atlantic	sargasso sea	mocness, ikmt, trawl, ringnet	0	1800	20	32.5	45	-10	-40	-70	diaphus	diaphus	diaphus mollis	diaphus mollis				adult				66	170	66	gut			0	%W	crustaceans	crustaceans					no	no	no		
applebaum1982	1982	march,april	1979	1979	spring	temperate	atlantic	sargasso sea	mocness, ikmt, trawl, ringnet	0	1800	20	32.5	45	-10	-40	-70	diaphus	diaphus	diaphus rafinesquii	diaphus rafinesquii				adult				94	170	94	gut			0	%W	crustaceans	crustaceans					no	no	no		
applebaum1982	1982	march,april	1979	1979	spring	temperate	atlantic	sargasso sea	mocness, ikmt, trawl, ringnet	0	1800	20	32.5	45	-10	-40	-70	diaphus	diaphus	diaphus sp.	diaphus sp.				adult				170	170		gut			0	%W	crustaceans	crustaceans					no	no	no		
applebaum1982	1982	march,april	1979	1979	spring	temperate	atlantic	sargasso sea	mocness, ikmt, trawl, ringnet	0	1800	20	32.5	45	-10	-40	-70	hygophum	hygophum	hygophum hygomii	hygophum hygomii				adult				81	81	81	gut			0	%W	crustaceans	crustaceans					no	no	no		
applebaum1982	1982	march,april	1979	1979	spring	temperate	atlantic	sargasso sea	mocness, ikmt, trawl, ringnet	0	1800	20	32.5	45	-10	-40	-70	hygophum	hygophum	hygophum taaningi	hygophum taaningi				adult				66	81	66	gut			0	%W	crustaceans	crustaceans					no	no	no		
applebaum1982	1982	march,april	1979	1979	spring	temperate	atlantic	sargasso sea	mocness, ikmt, trawl, ringnet	0	1800	20	32.5	45	-10	-40	-70	lampanyctus	lampanyctus	lampanyctus crocodilus	lampanyctus crocodilus				adult				300	300	300	gut			0	%W	crustaceans	crustaceans					no	no	no		
applebaum1982	1982	march,april	1979	1979	spring	temperate	atlantic	sargasso sea	mocness, ikmt, trawl, ringnet	0	1800	20	32.5	45	-10	-40	-70	lampanyctus	lampanyctus	lampanyctus cuprarius	lampanyctus cuprarius				adult				79	300	79	gut			0	%W	crustaceans	crustaceans					no	no	no		
applebaum1982	1982	march,april	1979	1979	spring	temperate	atlantic	sargasso sea	mocness, ikmt, trawl, ringnet	0	1800	20	32.5	45	-10	-40	-70	lampanyctus	lampanyctus	lampanyctus photonotus	lampanyctus photonotus				adult				85	300	85	gut			0	%W	crustaceans	crustaceans					no	no	no		
applebaum1982	1982	march,april	1979	1979	spring	temperate	atlantic	sargasso sea	mocness, ikmt, trawl, ringnet	0	1800	20	32.5	45	-10	-40	-70	lobianchia	lobianchia	lobianchia gemellarii	lobianchia gemellarii				adult				60	60	60	gut			0	%W	crustaceans	crustaceans					no	no	no		
applebaum1982	1982	march,april	1979	1979	spring	temperate	atlantic	sargasso sea	mocness, ikmt, trawl, ringnet	0	1800	20	32.5	45	-10	-40	-70	notoscopelus	notoscopelus	notoscopelus kroyeri	notoscopelus kroyeri				adult				143	143	143	gut			0	%W	crustaceans	crustaceans					no	no	no		
badouvas2024	2024	november,april	2018	2019	multiple	temperate	atlantic	mediterranean	pelagic trawl	10	725	38	38.25	38.5	22	22.5	23	benthosema	benthosema	benthosema glaciale	benthosema glaciale	1	16		adult	30	47.5	65	65	103		gut	16		0	%W	crustaceans						no	no	no		
badouvas2024	2024	november,april	2018	2019	multiple	temperate	atlantic	mediterranean	pelagic trawl	10	725	38	38.25	38.5	22	22.5	23	ceratoscopelus	ceratoscopelus	ceratoscopelus maderensis	ceratoscopelus maderensis	1	16		adult	32	55.5	79	79	184		gut	210		8.17	%W	copepods						yes	yes	yes		
badouvas2024	2024	november,april	2018	2019	multiple	temperate	atlantic	mediterranean	pelagic trawl	10	725	38	38.25	38.5	22	22.5	23	myctophum	myctophum	myctophum punctatum	myctophum punctatum	1	16		adult	56	65	74	74	110		gut	14		16.67	%W	crustaceans						no	yes	yes		
badouvas2024	2024	november,april	2018	2019	multiple	temperate	atlantic	mediterranean	pelagic trawl	10	725	38	38.25	38.5	22	22.5	23	notoscopelus	notoscopelus	notoscopelus elongatus	notoscopelus elongatus	1	16		adult	68	95	122	122	143		gut	26		69.23	%W	fish						yes	yes	yes		
baird1975	1975	march	1972	1972	spring	tropical	atlantic	cariaco trench	tucker	10	850	10.633	10.633	10.633	-65.75	-65.75	-65.75	diaphus	diaphus	diaphus taaningi	diaphus taaningi				adult	35	42	49	49	170	70	gut	9		4.56	%W	thaliaceans	urochardates	copepods	crustaceans	chaetognatha	chaetognatha	no	yes	yes	unknown	
battaglia2014	2014	oct,may	2010	2011	multiple	temperate	atlantic	mediterranean	bottom trawl	571	724	36	36	36	14	14	14	diaphus	diaphus	diaphus metopoclampus	diaphus metopoclampus				adult	50.8	71.8	92.8	92.8	170	96	gut	296		29.52	%W	copepods	crustaceans	euphausiids	crustaceans	crustaceans	crustaceans	yes	yes	yes	paralepididae, b.glaciale, c.maderensis, h.benoiti,h.hygomii,l.corodilus,l.pusillus,m.punctatum,n.elongatus,cyclothone braueri, vinciguerria attenuata, argyropelecus hemigymnus, chauliodus sloani	
battaglia2016	2016	oct,nov,dec,jan,fed,mar,apr,may	2012	2013	multiple	temperate	atlantic	mediterranean	stranding			38	38	38	15	15	15	electrona	electrona	electrona risso	electrona risso				adult	12	32.5	53	53	127		gut	173		79.76	%W	fish						yes	yes	yes	diaphus, lampanyctus pusillus, myctophidae, cyclothone braueri, vinciguerria attenuata, argyopelecus hemigymnus, maurolicus muelleri, actinopterygii	
bernal2013	2013	dec	2009	2009	winter	temperate	atlantic	mediterranean	ikmt, trawl, multinet	200	900	39	39	39	2	2	2	lampanyctus	lampanyctus	lampanyctus pusillus	lampanyctus pusillus	1.5	10	oblique, discrete depth	adult	2	22	42	42	300	43	gut	129		1.1	%N	copepods	crustaceans	euphausiids	crustaceans	crustaceans	crustaceans	yes	yes	yes	myctophids	
bernal2015	2015	dec,jul	2009	2010	multiple	temperate	atlantic	mediterranean	mocness, ikmt, trawl	40	900	39	39	39	2	2	2	benthosema	benthosema	benthosema glaciale	benthosema glaciale	1.5	3	discrete depth	adult	12	29	46	46	103	103	gut and sia	133			%W	copepods	crustaceans	larvaceans	gelatinous	gastropods	molluscs	yes	yes	yes	unknown	
bernal2015	2015	dec,jul	2009	2010	multiple	temperate	atlantic	mediterranean	mocness, ikmt, trawl	40	900	39	39	39	2	2	2	lobianchia	lobianchia	lobianchia dofleini	lobianchia dofleini	1.5	3	discrete depth	adult	23	34.5	46	46	60	60	gut and sia	67			%W	copepods	crustaceans	larvaceans	gelatinous	ostracods	crustaceans	yes	yes	yes	unknown	
bernal2015	2015	dec,jul	2009	2010	multiple	temperate	atlantic	mediterranean	mocness, ikmt, trawl	40	900	39	39	39	2	2	2	hygophum	hygophum	hygophum benoiti	hygophum benoiti	1.5	3	discrete depth	adult	13	38.5	64	64	81	78	gut and sia	53			%W	copepods	crustaceans	euphausiids	crustaceans	chaetognatha	chaetognatha	yes	yes	yes	unknown	
bernal2015	2015	dec,jul	2009	2010	multiple	temperate	atlantic	mediterranean	mocness, ikmt, trawl	40	900	39	39	39	2	2	2	ceratoscoperlus	ceratoscopelus	ceratoscopelus maderensis	ceratoscopelus maderensis	1.5	3	discrete depth	adult	16	40.5	65	65	184	89	gut and sia	90			%W	copepods	crustaceans	larvaceans	gelatinous	gastropods	molluscs	yes	yes	yes	unknown	
bernal2015	2015	dec,jul	2009	2010	multiple	temperate	atlantic	mediterranean	mocness, ikmt, trawl	40	900	39	39	39	2	2	2	hygophum	hygophum	hygophum hygomii	hygophum hygomii	1.5	3	discrete depth	adult	39	47.5	56	56	81	81	gut and sia	20			%W	copepods	crustaceans	euphausiids	crustaceans	pisces	pisces	yes	yes	yes	unknown	
bernal2015	2015	dec,jul	2009	2010	multiple	temperate	atlantic	mediterranean	mocness, ikmt, trawl	40	900	39	39	39	2	2	2	lampanyctus	lampanyctus	lampanyctus pusillus	lampanyctus pusillus	1.5	3	discrete depth	adult	14	50	86	86	300	43	gut and sia	100		0	%W	copepods	crustaceans	euphausiids	crustaceans	ostracods	crustaceans	yes	no	yes		
bernal2015	2015	dec,jul	2009	2010	multiple	temperate	atlantic	mediterranean	mocness, ikmt, trawl	40	900	39	39	39	2	2	2	myctophum	myctophum	myctophum punctatum	myctophum punctatum	1.5	3	discrete depth	adult	18	63	108	108	110	110	gut and sia	44			%W	copepods	crustaceans	euphausiids	crustaceans	amphipods	crustaceans	yes	yes	yes	unknown	
bernal2015	2015	dec,jul	2009	2010	multiple	temperate	atlantic	mediterranean	mocness, ikmt, trawl	40	900	39	39	39	2	2	2	notoscopelus	notoscopelus	notoscopelus elongatus	notoscopelus elongatus	1.5	3	discrete depth	adult	30	101	172	172	143	142	gut and sia	114			%W	copepods	crustaceans	euphausiids	crustaceans	gelatinous	gelatinous	yes	yes	yes	unknown	
bernal2015	2015	dec,jul	2009	2010	multiple	temperate	atlantic	mediterranean	mocness, ikmt, trawl	40	900	39	39	39	2	2	2	lampanyctus	lampanyctus	lampanyctus crocodilus	lampanyctus crocodilus	1.5	3	discrete depth	adult	20	151.5	283	283	300	300	gut and sia	48			%W	euphausiids	crustaceans	euphausiids	crustaceans	pisces	pisces	no	yes	yes	unknown	
bernal2020	2020	jun	2015	2015	winter	tropical	indian	indonesia	mocness, trawl, neuston, multinet	0	500	-20	-20	-20	95	82.5	70	ceratoscopelus	ceratoscopelus	ceratoscopelus warmingii	ceratoscopelus warmingii	22	22	surface	adult	13	45.5	78	78	184	102	gut	56		4.794	%N	copepods	crustaceans	ostracods	crustaceans	euphausiids	crustaceans	yes	yes	yes		
bernal2020	2020	jun	2015	2015	winter	tropical	indian	indonesia	mocness, trawl, neuston, multinet	0	500	-20	-20	-20	95	82.5	70	symbolophorus	symbolophorus	symbolophorus evermanni	symbolophorus evermanni	22	22	surface	adult	25	52.5	80	80	160	117	gut	80		1.304	%N	copepods	crustaceans	euphausiids	crustaceans	chaetognatha	chaetognatha	yes	yes	yes	phosichthyds and myctophids	
bernal2020	2020	jun	2015	2015	winter	tropical	indian	indonesia	mocness, trawl, neuston, multinet	0	500	-20	-20	-20	95	82.5	70	diaphus	diaphus	diaphus effulgens	diaphus effulgens	22	22	surface	adult	24	72	120	120	170	150	gut	70		2.273	%N	copepods	crustaceans	euphausiids	crustaceans	pisces	pisces	yes	yes	yes	phosichthyds and myctophids	
bosley2004	2004	jun,jul	2001	2001	summer	temperate	pacific	us	ikmt, trawl	0	264	46.218	46.2	46.183	-124.45	-124.55	-124.661	diaphus	diaphus	diaphus theta	diaphus theta			horizontal	adult	48	64.5	81	81	170	114	gut and sia	25		0.68	%W	euphausiids	crustaceans	amphipods	crustaceans	pisces	pisces	no	yes	yes	unknown	
bosley2004	2004	jun,jul	2001	2001	summer	temperate	pacific	us pacific	ikmt, trawl	0	264	46.218	46.2	46.183	-124.45	-124.55	-124.661	stenobrachius	stenobrachius	stenobrachius leucopsarus	stenobrachius leucopsarus			horizontal	adult	53	74.5	96	96	130	130	gut and sia	27		0	%W	euphausiids	crustaceans	amphipods	crustaceans	copepods	crustaceans	no	no	yes		
cailliet1990	1990		1964	1968	multiple	temperate	pacific	us	ikmt, trawl, ringnet, plankton	0	1000	34	49	64	-120	-120	-120	stenobrachius	stenobrachius	stenobrachius leucopsarus	stenobrachius leucopsarus			discrete depth	adult				130	130	130	gut	41			%W	copepods	crustaceans	ostracods	crustaceans	euphausiids	crustaceans	yes	yes	yes	unknown	
carlo1982	1982	mar,april,may,jun,aug,sept,oct,nov,dec	1972	1972	multiple	temperate	atlantic	mediterranean				38	38	38	15	15	15	hygophum	hygophum	hygophum benoiti	hygophum benoiti				adult	21	39	57	57	81	78	gut	145		1	N	copepods	crustaceans	euphausiids	crustaceans	amphipods	crustaceans	yes	yes	yes	cyclothone	
carlo1982	1982	mar,april,may,jun,aug,sept,oct,nov,dec	1972	1972	multiple	temperate	atlantic	mediterranean				38	38	38	15	15	15	myctophum	myctophum	myctophum punctatum	myctophum punctatum				adult	31	49	67	67	110	110	gut	106		20	N	copepods	crustaceans	euphausiids	crustaceans	appendicularians	gelatinous	yes	yes	yes	cyclothone	
clarke1978	1978	aug,sep	1973	1973	summer	tropical	pacific	hawaii	ikmt, trawl, plankton	350	1200	21.3416	21.3416	21.3416	-158.341	-158.341	-158.341	notolychnus	notolychnus	notolychnus valdiviae	notolychnus valdiviae			oblique, discrete depth	adult	19	21.5	24	24	63	63	gut	20		0	%W	copepods	crustaceans					yes	no	yes		
clarke1978	1978	aug,sep	1973	1973	summer	tropical	pacific	hawaii	ikmt, trawl, plankton	350	1200	21.3416	21.3416	21.3416	-158.341	-158.341	-158.341	triphoturus	triphoturus	triphoturus nigrescens	triphoturus nigrescens			oblique, discrete depth	adult	18	26	34	34	81	81	gut	20		0	%W	copepods	crustaceans	euphausiids	crustaceans			yes	no	yes		
clarke1978	1978	aug,sep	1973	1973	summer	tropical	pacific	hawaii	ikmt, trawl, plankton	350	1200	21.3416	21.3416	21.3416	-158.341	-158.341	-158.341	benthosema	benthosema	benthosema suborbitale	benthosema suborbitale			oblique, discrete depth	adult	24	27	30	30	103	39	gut	20		0	%W	euphausiids	crustaceans	copepods	crustaceans			no	no	yes		
clarke1978	1978	aug,sep	1973	1973	summer	tropical	pacific	hawaii	ikmt, trawl, plankton	350	1200	21.3416	21.3416	21.3416	-158.341	-158.341	-158.341	hygophum	hygophum	hygophum proximum	hygophum proximum			oblique, discrete depth	adult	26	29.5	33	33	81	50	gut	20		0	%W	copepods	crustaceans	crustaceans	crustaceans			yes	no	yes		
clarke1978	1978	aug,sep	1973	1973	summer	tropical	pacific	hawaii	ikmt, trawl, plankton	350	1200	21.3416	21.3416	21.3416	-158.341	-158.341	-158.341	diaphus	diaphus	diaphus schmidti	diaphus schmidti			oblique, discrete depth	adult	25	32	39	39	170	53	gut	20		0	%W	ostracods	crustaceans	copepods	crustaceans	malacostracans	crustaceans	no	no	yes		
clarke1978	1978	aug,sep	1973	1973	summer	tropical	pacific	hawaii	ikmt, trawl, plankton	350	1200	21.3416	21.3416	21.3416	-158.341	-158.341	-158.341	lampanyctus	lampanyctus	lampanyctus steinbecki	lampanyctus steinbecki			oblique, discrete depth	adult	25	32	39	39	300	38	gut	20		0	%W	copepods	crustaceans	euphausiids	crustaceans			yes	no	yes		
clarke1978	1978	aug,sep	1973	1973	summer	tropical	pacific	hawaii	ikmt, trawl, plankton	350	1200	21.3416	21.3416	21.3416	-158.341	-158.341	-158.341	bolinichthys	bolinichthys	bolinichthys longipes	bolinichthys longipes			oblique, discrete depth	adult	24	35	46	46	117	50	gut	20		0	%W	euphausiids	crustaceans	copepods	crustaceans			no	no	yes		
clarke1978	1978	aug,sep	1973	1973	summer	tropical	pacific	hawaii	ikmt, trawl, plankton	350	1200	21.3416	21.3416	21.3416	-158.341	-158.341	-158.341	ceratoscopelus	ceratoscopelus	ceratoscopelus warmingii	ceratoscopelus warmingii			oblique, discrete depth	adult	22	37.5	53	53	184	102	gut	20			%W	copepods	crustaceans	ostracods	crustaceans	euphausiids	crustaceans	yes	yes	yes	unknown	
clarke1978	1978	aug,sep	1973	1973	summer	tropical	pacific	hawaii	ikmt, trawl, plankton	350	1200	21.3416	21.3416	21.3416	-158.341	-158.341	-158.341	lampanyctus	lampanyctus	lampanyctus nobilis	lampanyctus nobilis			oblique, discrete depth	adult	24	54	84	84	300	124	gut	9			%W	copepods	crustaceans	amphipods	crustaceans	euphausiids	crustaceans	yes	yes	yes	unknown	
clarke1978	1978	aug,sep	1973	1973	summer	tropical	pacific	hawaii	ikmt, trawl, plankton	350	1200	21.3416	21.3416	21.3416	-158.341	-158.341	-158.341	lampanyctus	lampanyctus	lampanyctus niger	lampanyctus niger			oblique, discrete depth	adult	65	75.5	86	86	300	148	gut	20			%W	copepods	crustaceans	euphausiids	crustaceans	pisces	pisces	yes	yes	yes	unknown	
clarke1980	1980	sep,nov	1973	1974	fall	tropical	pacific	hawaii	trawl, bongo, neuston, plankton	70	170	21.175	21.175	21.175	-158.174	-158.174	-158.174	diogenichthys	diogenichthys	diogenichthys atlanticus	diogenichthys atlanticus			discrete depth, surface	adult	17	19	21	21	50	29	gut	6		0	%W	copepods	crustaceans					yes	no	yes		
clarke1980	1980	sep,nov	1973	1974	fall	tropical	pacific	hawaii	trawl, bongo, neuston, plankton	70	170	21.175	21.175	21.175	-158.174	-158.174	-158.174	notolychnus	notolychnus	notolychnus valdiviae	notolychnus valdiviae			discrete depth, surface	adult	16	20	24	24	63	63	gut	117		0	%W	copepods	crustaceans					yes	no	yes		
clarke1980	1980	sep,nov	1973	1974	fall	tropical	pacific	hawaii	trawl, bongo, neuston, plankton	70	170	21.175	21.175	21.175	-158.174	-158.174	-158.174	benthosema	benthosema	benthosema suborbitale	benthosema suborbitale			discrete depth, surface	adult	18	25	32	32	103	39	gut	69		0	%W	copepods	crustaceans	euphausiids	crustaceans	amphipods	crustaceans	yes	no	yes		
clarke1980	1980	sep,nov	1973	1974	fall	tropical	pacific	hawaii	trawl, bongo, neuston, plankton	70	170	21.175	21.175	21.175	-158.174	-158.174	-158.174	triphoturus	triphoturus	triphoturus nigrescens	triphoturus nigrescens			discrete depth, surface	adult	19	28	37	37	81	81	gut	86		0	%W	copepods	crustaceans					yes	no	yes		
clarke1980	1980	sep,nov	1973	1974	fall	tropical	pacific	hawaii	trawl, bongo, neuston, plankton	70	170	21.175	21.175	21.175	-158.174	-158.174	-158.174	bolinichthys	bolinichthys	bolinichthys longipes	bolinichthys longipes			discrete depth, surface	adult	17	33	49	49	117	50	gut	71		0	%W	copepods	crustaceans					yes	no	yes		
clarke1980	1980	sep,nov	1973	1974	fall	tropical	pacific	hawaii	trawl, bongo, neuston, plankton	70	170	21.175	21.175	21.175	-158.174	-158.174	-158.174	diaphus	diaphus	diaphus schmidti	diaphus schmidti			discrete depth, surface	adult	27	34	41	41	170	53	gut	74		1	N	copepods	crustaceans					yes	yes	yes	unknown	
clarke1980	1980	sep,nov	1973	1974	fall	tropical	pacific	hawaii	trawl, bongo, neuston, plankton	70	170	21.175	21.175	21.175	-158.174	-158.174	-158.174	lampanyctus	lampanyctus	lampanyctus steinbecki	lampanyctus steinbecki			discrete depth, surface	adult	18	36	54	54	300	38	gut	295		0	%W	euphausiids	crustaceans	copepods	crustaceans			no	no	yes		
clarke1980	1980	sep,nov	1973	1974	fall	tropical	pacific	hawaii	trawl, bongo, neuston, plankton	70	170	21.175	21.175	21.175	-158.174	-158.174	-158.174	diaphus	diaphus	diaphus fragilis	diaphus fragilis			discrete depth, surface	adult	34	39	44	44	170	123	gut	5		0	%W	copepods	crustaceans					yes	no	yes		
clarke1980	1980	sep,nov	1973	1974	fall	tropical	pacific	hawaii	trawl, bongo, neuston, plankton	70	170	21.175	21.175	21.175	-158.174	-158.174	-158.174	diaphus	diaphus	diaphus trachops	diaphus trachops			discrete depth, surface	adult	36	43	50	50	170	64	gut	12		0	%W	copepods	crustaceans					yes	no	yes		
clarke1980	1980	sep,nov	1973	1974	fall	tropical	pacific	hawaii	trawl, bongo, neuston, plankton	70	170	21.175	21.175	21.175	-158.174	-158.174	-158.174	diaphus	diaphus	diaphus perspicillatus	diaphus perspicillatus			discrete depth, surface	adult	46	51	56	56	170	104	gut	17		0	%W	copepods	crustaceans					yes	no	yes		
clarke1980	1980	sep,nov	1973	1974	fall	tropical	pacific	hawaii	trawl, bongo, neuston, plankton	70	170	21.175	21.175	21.175	-158.174	-158.174	-158.174	ceratoscopelus	ceratoscopelus	ceratoscopelus warmingii	ceratoscopelus warmingii			discrete depth, surface	adult	38	53.5	69	69	184	102	gut	99		41	N	copepods	crustaceans	ostracods	crustaceans	gastropods	molluscs	yes	yes	yes	unknown	
clarke1980	1980	sep,nov	1973	1974	fall	tropical	pacific	hawaii	trawl, bongo, neuston, plankton	70	170	21.175	21.175	21.175	-158.174	-158.174	-158.174	lampanyctus	lampanyctus	lampanyctus nobilis	lampanyctus nobilis			discrete depth, surface	adult	36	61	86	86	300	124	gut	124		0	%W	euphausiids	crustaceans	copepods	crustaceans			no	no	yes		
clarke2020	2020	jan,feb	2016	2016	summer	polar	antarctic	southern ocean	pelagic trawl	0	1000	-62	-63.5	-65	60	75	90	gymnoscopelus	gymnoscopelus	gymnoscopelus braueri	gymnoscopelus braueri	2	2		adult	70		130			220	dna	26		0	%W	euphausiids	crustaceans	amphipods	crustaceans	ostracods	crustaceans	no	no	no		
clarke2020	2020	jan,feb	2016	2016	summer	polar	antarctic	southern ocean	pelagic trawl	0	1000	-62	-63.5	-65	60	75	90	gymnoscopelus	gymnoscopelus	gymnoscopelus nicholsi	gymnoscopelus nicholsi	2	2		adult	120		170			191	dna	12		0	%W	euphausiids	crustaceans	amphipods	crustaceans	copepods	crustaceans	no	no	no		
clarke2020	2020	jan,feb	2016	2016	summer	polar	antarctic	southern ocean	pelagic trawl	0	1000	-62	-63.5	-65	60	75	90	electrona	electrona	electrona antarctica	electrona antarctica	2	2		adult	45		90			115	dna	58		0	%W	euphausiids	crustaceans	amphipods	crustaceans	molluscs	molluscs	no	no	no		
clarke2020	2020	jan,feb	2016	2016	summer	polar	antarctic	southern ocean	pelagic trawl	0	1000	-62	-63.5	-65	60	75	90	gymnoscopelus	gymnoscopelus	gymnoscopelus opisthopterus	gymnoscopelus opisthopterus	2	2		adult	104		166			162	dna	8		0	%W	euphausiids	crustaceans	molluscs	molluscs	cnidaria	gelatinous	no	no	no		
cohen2021	2021	sep	2018	2018	spring	temperate	indian	australia	neuston, plankton			-32	-32	-32	115	115	115	myctophum	myctophum	myctophum asperum	myctophum asperum	1	1	surface	adult	15.7	27.85	40	40	110	85	gut	40		7.5	%F	copepods	crustaceans	euphausiids	crustaceans	zooea	crustaceans	yes	yes	yes	unknown	
collard1970	1970		1963	1966	multiple	tropical	pacific	tropical pacific	ikmt			-6	12	30	-158	-139	-120	ceratoscopelus	ceratoscopelus	ceratoscopelus townsendi	ceratoscopelus townsendi				adult				184	184	184	gut	5		0	%W	crustaceans	crustaceans					no	no	yes		
collard1970	1970		1963	1966	multiple	tropical	pacific	tropical pacific	ikmt			-6	-6	-6	-158	-158	-158	diaphus	diaphus	diaphus coeruleus	diaphus coeruleus				adult				137	170	137	gut	1		0	%W	amphipods	crustaceans					no	no	yes		
collard1970	1970		1963	1966	multiple	tropical	pacific	tropical pacific	ikmt			-6	-6	-6	-158	-158	-158	diaphus	diaphus	diaphus elucens	diaphus perspicillatus				adult				104	170	104	gut	1		0	%W	euphausiids	crustaceans					no	no	yes		
collard1970	1970		1963	1966	multiple	tropical	pacific	tropical pacific	ikmt			-6	-6	-6	-158	-158	-158	diaphus	diaphus	diaphus sp.	diaphus sp.				adult				170	170		gut	1		0	%W	amphipods	crustaceans					no	no	yes		
collard1970	1970		1963	1966	multiple	temperate	pacific	temperate pacific	ikmt			32	48	64	-118	-119	-120	diaphus	diaphus	diaphus theta	diaphus theta				adult				114	170	114	gut	39		0	%W	copepods	crustaceans	crustaceans	crustaceans	euphausiids	crustaceans	yes	no	yes		
collard1970	1970		1963	1966	multiple	temperate	pacific	temperate pacific	ikmt			33	33	33	-118	-118	-118	diogenichthys	diogenichthys	diogenichthys laternatus	diogenichthys laternatus				adult				50	50	50	gut	1		0	%W	euphausiids	crustaceans					no	no	yes		
collard1970	1970		1963	1966	multiple	polar	antarctic	southern ocean	ikmt			-61	-61	-61	-100	-100	-100	protomyctophum	krefftichthys	protomyctophum anderssoni	krefftichthys anderssoni				adult				71	71	71	gut	3		0	%W	crustaceans	crustaceans	amphipods	crustaceans			no	no	yes		
collard1970	1970		1963	1966	multiple	temperate	pacific		ikmt			-47	-47	-47	-76	-76	-76	lampanyctus	lampanyctus	lampanyctus australis	lampanyctus australis				adult				131	300	131	gut	20		1	N	crustaceans	crustaceans	copepods	crustaceans	euphausiids	crustaceans	no	yes	yes		
collard1970	1970		1963	1966	multiple	tropical	pacific	tropical pacific	ikmt			-6	-6	-6	-158	-158	-158	lampanyctus	lampanyctus	lampanyctus macropterus	lampanyctus macropterus				adult				68	300	68	gut	1		0	%W	euphausiids	crustaceans					no	no	yes		
collard1970	1970		1963	1966	multiple	temperate	pacific	temperate pacific	ikmt			33	33	33	-119	-119	-119	lampanyctus	lampanyctus	lampanyctus regalis	lampanyctus regalis				adult				210	300	210	gut	4		0	%W	euphausiids	crustaceans					no	no	yes		
collard1970	1970		1963	1966	multiple	temperate	pacific		ikmt			32	37.5	43	-118	-121.5	-125	lampanyctus	lampanyctus	lampanyctus ritteri	lampanyctus ritteri				adult				120	300	120	gut	38		3	N	crustaceans	crustaceans	molluscs	molluscs	euphausiids	crustaceans	no	yes	yes		
collard1970	1970		1963	1966	multiple	tropical	pacific	tropical pacific	ikmt			-6	-6	-6	-158	-158	-158	myctophum	myctophum	myctophum aurolaternatum	myctophum aurolaternatum				adult				110	110	110	gut	1		0	%W	molluscs	molluscs					no	no	yes		
collard1970	1970		1963	1966	multiple	temperate	pacific	temperate pacific	ikmt			32	32	32	-120	-120	-120	symbolophorus	symbolophorus	symbolophorus californiensis	symbolophorus californiensis				adult				110	160	110	gut	35		0	%W	crustaceans	crustaceans	copepods	crustaceans	euphausiids	crustaceans	no	no	yes		
collard1970	1970		1963	1966	multiple	temperate	pacific	temperate pacific	ikmt			32	37.5	43	-118	-121.5	-125	tarletonbeania	tarletonbeania	tarletonbeania crenularis	tarletonbeania crenularis				adult				127	127	127	gut	14		0	%W	crustaceans	crustaceans	copepods	crustaceans	euphausiids	crustaceans	no	no	yes		
collard1970	1970		1963	1966	multiple	temperate	pacific		ikmt			33	33.5	34	-118	-118.5	-119	triphoturus	triphoturus	triphoturus mexicanus	triphoturus mexicanus				adult				70	81	70	gut	56		1	N	copepods	crustaceans	crustaceans	crustaceans	euphausiids	crustaceans	yes	yes	yes		
collard1970	1970		1963	1966	multiple	temperate	pacific		ikmt			33	42	51	-118	-124	-130	stenobrachius	stenobrachius	stenobrachius leucopsarus	stenobrachius leucopsarus				adult	11	50.5	90	90	130	130	gut	207		7	N	copepods	crustaceans	euphausiids	crustaceans	crustaceans	crustaceans	yes	yes	yes		
collard1970	1970		1963	1966	multiple	tropical	pacific		ikmt			-6	-6	-6	-158	-158	-158	myctophum	dasyscopelus	myctophum spinosum	dasyscopelus spinosus				adult	90	90	90	90	90	90	gut	5		1	N	molluscs	molluscs	curstaceans	crustaceans	pisces	pisces	no	yes	yes		
collard1970	1970		1963	1966	multiple	temperate	pacific	temperate pacific	ikmt			30	31.5	33	-118	-119	-120	parvilux	parvilux	parvilux ingens	parvilux ingens				adult	200	200	200	200	200	200	gut	11		0	%W	copepods	crustaceans	crustaceans	crustaceans	euphausiids	crustaceans	yes	no	yes		
conley2004	2004		1984	1986	multiple	temperate	atlantic	gulf of mexico	pelagic trawl	0	300	27	27	27	-86	-86	-86	lampanyctus	lampanyctus	lampanyctus alatus	lampanyctus alatus			oblique	larvae						61	gut	82		0	%W	tunicata	gelatinous	copepods	crustaceans	ostracods	crustaceans	no	no	yes		
conley2004	2004		1984	1986	multiple	temperate	atlantic	gulf of mexico	pelagic trawl	0	300	27	27	27	-86	-86	-86	hygophum	hygophum	hygophum hygomii	hygophum hygomii			oblique	larvae						81	gut	43		0	%W	ostracods	crustaceans	copepods	crustaceans			no	no	yes		
conley2004	2004		1984	1986	multiple	temperate	atlantic	gulf of mexico	pelagic trawl	0	300	27	27	27	-86	-86	-86	gonichthys	gonichthys	gonichthys cocco	gonichthys cocco			oblique	larvae						60	gut	19		0	%W	ostracods	crustaceans	copepods	crustaceans			no	no	yes		
conley2004	2004		1984	1986	multiple	temperate	atlantic	gulf of mexico	pelagic trawl	0	300	27	27	27	-86	-86	-86	benthosema	benthosema	benthosema suborbitale	benthosema suborbitale			oblique	larvae	4		10			39	gut	149		0	%W	ostracods	crustaceans	copepods	crustaceans	larvaceans	gelatinous	no	no	yes		
conley2004	2004		1984	1986	multiple	temperate	atlantic	gulf of mexico	pelagic trawl	0	300	27	27	27	-86	-86	-86	hygophum	hygophum	hygophum benoiti	hygophum benoiti			oblique	larvae						78	gut	30		0	%W	protista	protista	copepods	crustaceans			no	no	yes		
conley2004	2004		1984	1986	multiple	temperate	atlantic	gulf of mexico	pelagic trawl	0	300	27	27	27	-86	-86	-86	diogenichthys	diogenichthys	diogenichthys atlanticus	diogenichthys atlanticus			oblique	larvae						29	gut	46		0	%W	copepods	crustaceans	crustaceans	crustaceans	ostracods	crustaceans	yes	no	yes		
conley2004	2004		1984	1986	multiple	temperate	atlantic	gulf of mexico	pelagic trawl	0	300	27	27	27	-86	-86	-86	myctophum	dasyscopelus	myctophum selenops	dasyscopelus selenops			oblique	larvae	4		10			75	gut	89		0	%W	ostracods	crustaceans	euphausiids	crustaceans	copepods	crustaceans	no	no	yes		
conley2004	2004		1984	1986	multiple	temperate	atlantic	gulf of mexico	pelagic trawl	0	300	27	27	27	-86	-86	-86	hygophum	hygophum	hygophum taaningi	hygophum taaningi			oblique	larvae	5		11			66	gut	82		0	%W	tunicata	gelatinous	tunicata	gelatinous	crustaceans	crustaceans	no	no	yes		
conley2004	2004		1984	1986	multiple	temperate	atlantic	gulf of mexico	pelagic trawl	0	300	27	27	27	-86	-86	-86	notolychrus	notolychnus	notolychnus valdiviae	notolychnus valdiviae			oblique	larvae	4		10			63	gut	139		0	%W	copepods	crustaceans	ostracods	crustaceans	crustaceans	crustaceans	yes	no	yes		
conley2004	2004		1984	1986	multiple	temperate	atlantic	gulf of mexico	pelagic trawl	0	300	27	27	27	-86	-86	-86	diaphus	diaphus	diaphus sp.	diaphus sp.			oblique	larvae							gut	33		0	%W	copepods	crustaceans	ostracods	crustaceans	crustacean larvae	crustaceans	yes	no	yes		
conley2004	2004		1984	1986	multiple	temperate	atlantic	gulf of mexico	pelagic trawl	0	300	27	27	27	-86	-86	-86	ceratoscopelus	ceratoscopelus	ceratoscopelus townsendi	ceratoscopelus townsendi			oblique	larvae	5		10			184	gut	245		0	%W	copepods	crustaceans	ostracods	crustaceans	larvaceans	gelatinous	yes	no	yes		
conley2004	2004		1984	1986	multiple	temperate	atlantic	gulf of mexico	pelagic trawl	0	300	27	27	27	-86	-86	-86	lobianchia	lobianchia	lobianchia gemellarii	lobianchia gemellarii			oblique	larvae						60	gut	17		0	%W	tunicata	gelatinous	ostracods	crustaceans	copepods	crustaceans	no	no	yes		
conley2004	2004		1984	1986	multiple	temperate	atlantic	gulf of mexico	pelagic trawl	0	300	27	27	27	-86	-86	-86	myctophum	myctophum	myctophum affine	myctophum affine			oblique	larvae						79	gut	81		0	%W	ostracods	crustaceans	pteropods	molluscs	crustaceans	crustaceans	no	no	yes		
conley2004	2004		1984	1986	multiple	temperate	atlantic	gulf of mexico	pelagic trawl	0	300	27	27	27	-86	-86	-86	myctophum	myctophum	myctophum obtusirostrum	myctophum obtusirostrum			oblique	larvae						90	gut	19		0	%W	ostracods	crustaceans	pteropods	molluscs	copepods	crustaceans	no	no	yes		
conley2004	2004		1984	1986	multiple	temperate	atlantic	gulf of mexico	pelagic trawl	0	300	27	27	27	-86	-86	-86	centrobranchus	centrobranchus	centrobranchus nigroocellatus	centrobranchus nigroocellatus			oblique	larvae						50	gut	13		0	%W	ostracods	crustaceans					no	no	yes		
contreras2015	2015	july	2010	2010	summer	temperate	atlantic	mediterranean	mocness	0	400	39	39	39	3	3	3	ceratoscopelus	ceratoscopelus	ceratoscopelus maderensis	ceratoscopelus maderensis			oblique	larvae	3		25			89	gut	341		0	%W	copepods	crustaceans	tunicata	gelatinous	ostracods	crustaceans	yes	no	yes		
contreras2015	2015	july	2010	2010	summer	temperate	atlantic	mediterranean	mocness	0	400	39	39	39	3	3	3	hygophum	hygophum	hygophum benoiti	hygophum benoiti			oblique	larvae	3		25			78	gut	509		0	%W	copepods	crustaceans	ostracods	crustaceans			yes	no	yes		
contreras2015	2015	july	2010	2010	summer	temperate	atlantic	mediterranean	mocness	0	400	39	39	39	3	3	3	benthosema	benthosema	benthosema glaciale	benthosema glaciale			oblique	larvae	3		25			103	gut	208		0	%W	copepods	crustaceans	ostracods	crustaceans	foraminiferans	foraminiferans	yes	no	yes		
contreras2019	2019	april	2015	2015	fall	tropical	atlantic	brazil	mocness	0	800	-15	-25	-35	-10	7.5	25	diaphus	diaphus	diaphus vanhoeffeni	diaphus vanhoeffeni			oblique	larvae	4	9	14	14	170		gut	288		0	%W	copepods						yes	no	yes		
contreras2019	2019	april	2015	2015	fall	tropical	atlantic	brazil	mocness	0	800	-15	-25	-35	-10	7.5	25	myctophum	myctophum	myctophum affine	myctophum affine			oblique	larvae	4	9.5	15	15	110		gut	93		0	%W	molluscs						no	no	yes		
contreras2019	2019	april	2015	2015	fall	tropical	atlantic	brazil	mocness	0	800	-15	-25	-35	-10	7.5	25	hygophum	hygophum	hygophum macrochir	hygophum macrochir			oblique	larvae	5	11.5	18	18	81		gut	183		0	%W	copepods						yes	no	yes		
contreras2020	2020	april	2015	2015	fall	tropical	atlantic	brazil	pelagic trawl, neuston, plankton			-10	7.5	25	-35	-25	-15	gonichthys	gonichthys	gonichthys cocco	gonichthys cocco	0.2	0.2	surface	larvae	19		44			60	gut			0	%W	copepods	crustaceans	tunicata	gelatinous	euphausiids	crustaceans	yes	no	yes		
contreras2020	2020	april	2015	2015	fall	tropical	atlantic	brazil	pelagic trawl, neuston, plankton			-10	7.5	25	-35	-25	-15	myctophum	myctophum	myctophum affine	myctophum affine	0.2	0.2	surface	larvae	13		44			79	gut			0	%W	copepods	crustaceans	euphausiids	crustaceans	siphonophores	gelatinous	yes	no	yes		
contreras2020	2020	april	2015	2015	fall	tropical	atlantic	brazil	pelagic trawl, neuston, plankton			-10	7.5	25	-35	-25	-15	myctophum	myctophum	myctophum nitidulum	myctophum nitidulum	0.2	0.2	surface	larvae	16		22			83	gut			0	%W	copepods	crustaceans	ostracods	crustaceans	euphausiids	crustaceans	yes	no	yes		
contreras2020	2020	april	2015	2015	fall	tropical	atlantic	brazil	pelagic trawl, neuston, plankton			-10	7.5	25	-35	-25	-15	dasyscopelus	dasyscopelus	dasyscopelus asper	dasyscopelus asper	0.2	0.2	surface	larvae	13		25			85	gut			0	%W	copepods	crustaceans	ostracods	crustaceans	siphonophores	gelatinous	yes	no	yes		
dalpadado1988	1988		1978	1983	multiple	tropical	indian	gulf of oman	pelagic trawl, neuston	0	400	-26	1	24				benthosema	benthosema	benthosema pterotum	benthosema pterotum			surface	adult	17	31.5	46	46	103	70	gut	1193		1.35	%N	copepods	crustaceans	ostracods	crustaceans	euphausiids	crustaceans	yes	yes	yes	trichiuridae, paralepididae, gonostomatidae	
duan2024	2024	jan, march	2021	2021	summer	antarctic	antarctic	amundsen sea		0	1500	-69	-66	-63	-85	-12.5	60	electrona	electrona	electrona antarctica	electrona antarctica				adult	17	61	105	105	127		gut	175		0.01	%W	amphipods						no	yes	yes		
dypvik2012	2012	sept,oct	2008	2008	fall	polar	arctic	norway		0	400	60.866	60.866	60.866	5.408	5.408	5.408	benthosema	benthosema	benthosema glaciale	benthosema glaciale			discrete depth	adult	10		80			103	gut	230		0	%W	copepods	crustaceans	euphausiids	crustaceans	ostracods	crustaceans	yes	no	no		
dypvik2013	2013	nov	2011	2011	fall	tropical	indian	red sea		0	1460	24.8	23.125	21.45	36.25	37.166	38.083	benthosema	benthosema	benthosema pterotum	benthosema pterotum	200	200	discrete depth, oblique	adult	9		45			70	gut	307		0	%W	copepods	crustaceans	ostracods	crustaceans	gastropods	molluscs	yes	no	no		
eduardo2021	2021	april,may	2017	2017	fall	tropical	atlantic	brazil	mocness, tucker, micronekton, pelagic, bongo, neuston	10	1113	-5	-4	-3	-37	-35	-33	diaphus	diaphus	diaphus brachycephalus	diaphus brachycephalus	10	40	discrete depth, surface	adult	9	31.5	54	54	170		sia	454			%W	teleostei						no	yes	yes		
eduardo2021	2021	april,may	2017	2017	fall	tropical	atlantic	brazil	mocness, tucker, micronekton, pelagic, bongo, neuston	10	1113	-5	-4	-3	-37	-35	-33	diaphus	diaphus	diaphus mollis	diaphus mollis	10	40	discrete depth, surface	adult	22	40.5	59	59	170		sia	41			%W	teleostei						no	yes	yes		
eduardo2021	2021	april,may	2017	2017	fall	tropical	atlantic	brazil	mocness, tucker, micronekton, pelagic, bongo, neuston	10	1113	-5	-4	-3	-37	-35	-33	lepidophanes	lepidophanes	lepidophanes guentheri	lepidophanes guentheri	10	40	discrete depth, surface	adult	22	42	62	62	80		sia	109			%W	teleostei						no	yes	yes		
eduardo2021	2021	april,may	2017	2017	fall	tropical	atlantic	brazil	mocness, tucker, micronekton, pelagic, bongo, neuston	10	1113	-5	-4	-3	-37	-35	-33	diaphus	diaphus	diaphus perspicillatus	diaphus perspicillatus	10	40	discrete depth, surface	adult	18	43.5	69	69	170		sia	272			%W	teleostei						no	yes	yes		
eduardo2021	2021	april,may	2017	2017	fall	tropical	atlantic	brazil	mocness, tucker, micronekton, pelagic, bongo, neuston	10	1113	-5	-4	-3	-37	-35	-33	diaphus	diaphus	diaphus fragilis	diaphus fragilis	10	40	discrete depth, surface	adult	14	50	86	86	170		sia	131			%W	teleostei						no	yes	yes		
eduardo2021	2021	april,may	2017	2017	fall	tropical	atlantic	brazil	mocness, tucker, micronekton, pelagic, bongo, neuston	10	1113	-5	-4	-3	-37	-35	-33	hygophum	hygophum	hygophum taaningi	hygophum taaningi	10	40	discrete depth, surface	adult	52	53	54	54	81		sia	104			%W	teleostei						no	yes	yes		
eduardo2021	2021	april,may	2017	2017	fall	tropical	atlantic	brazil	mocness, tucker, micronekton, pelagic, bongo, neuston	10	1113	-5	-4	-3	-37	-35	-33	diaphus	diaphus	diaphus dumerilii	diaphus dumerilii	10	40	discrete depth, surface	adult	29	59	89	89	170		sia	52			%W	teleostei						no	yes	yes		
eduardo2021	2021	april,may	2017	2017	fall	tropical	atlantic	brazil	mocness, tucker, micronekton, pelagic, bongo, neuston	10	1113	-5	-4	-3	-37	-35	-33	electrona	electrona	electrona risso	electrona risso	10	40	discrete depth, surface	adult	50	65.5	81	81	127		sia	72			%W	teleostei						no	yes	yes		
eduardo2021	2021	april,may	2017	2017	fall	tropical	atlantic	brazil	mocness, tucker, micronekton, pelagic, bongo, neuston	10	1113	-5	-4	-3	-37	-35	-33	lampanyctus	lampanyctus	lampanyctus nobilis	lampanyctus nobilis	10	40	discrete depth, surface	adult	19	70	121	121	300		sia	279			%W	teleostei						no	yes	yes		
fanelli2014	2014	feb,march,april,may	2007	2012	spring	temperate	atlantic	mediterranean	pelagic trawl, bottom trawl, plankton	450	1800	38	40.5	43	0	2.5	5	lampanyctus	lampanyctus	lampanyctus crocodilus	lampanyctus crocodilus	5	5	discrete depth	adult	34	95	156	156	300	300	gut and sia	358			%W	euphausiids	crustaceans	gelatinous	gelatinous	pisces	pisces	no	yes	yes	argyropelecus hemygimnus, ceratoscopelus maderensis, cyclothone braueri, lampanyctus sp, stomias boa	
flores2008	2008	april	2004	2004	fall	polar	antarctic	southern ocean	rmt, plankton	0	200	-61	-66	-71	0	-3	-6	electrona	electrona	electrona antarctica	electrona antarctica	0.85	4.5	oblique	adult	20		79			115	gut	139		0	%W	copepods	crustaceans	euphausiids	crustaceans	ostracods	crustaceans	yes	no	no		
furuhashi1989	1989	jun,july	1987	1987	summer	temperate	pacific	bering sea	pelagic trawl	300	600	55	55	55	-170	-175	-180	stenobrachius	stenobrachius	stenobrachius nannochir	stenobrachius nannochir			horizontal	adult	32		108			110	gut	103		0	%W	copepods	crustaceans	chaetognatha	chaetognatha	ostracods	crustaceans	yes	no	yes		
garcia-seoane2013	2013	jun,july	2010	2010	summer	temperate	atlantic	flemish cap	ikmt, bottom trawl	100	650	45	47.5	50	-42	-45	-48	benthosema	benthosema	benthosema glaciale	benthosema glaciale				adult	31		79			103	gut	482		0	%W	copepods	crustaceans	amphipods	crustaceans	euphausiids	crustaceans	yes	no	yes		
gaskett2001	2001	jan	1999	1999	summer	temperate	pacific	australia				-52	-53.5	-55	157	159.5	162	electrona	electrona	electrona antarctica	electrona antarctica				adult				115	127	115	gut	25		0.01	%W	copepods	crustaceans	euphausiids	crustaceans	crustaceans	crustaceans	yes	yes	yes	unknown	
gaskett2001	2001	jan	1999	1999	summer	temperate	pacific	australia				-52	-53.5	-55	157	159.5	162	electrona	electrona	electrona carlsbergi	electrona carlsbergi				adult				112	127	112	gut	9		12.3	%W	euphausiids	crustaceans	pisces	pisces	crustaceans	crustaceans	no	yes	yes	unknown	
gaskett2001	2001	jan	1999	1999	summer	temperate	pacific	australia				-52	-53.5	-55	157	159.5	162	electrona	electrona	electrona subaspera	electrona subaspera				adult				127	127	127	gut	8		0.2	%W	amphipods	crustaceans	crustaceans	crustaceans	copepods	crustaceans	no	yes	yes	unknown	
gaskett2001	2001	jan	1999	1999	summer	temperate	pacific	australia				-52	-53.5	-55	157	159.5	162	electrona	gymnoscopelus	gymnoscopelus bolini	gymnoscopelus bolini				adult				280	280	280	gut	16		87.2	%W	pisces	pisces	euphausiids	crustaceans	cephalopods	molluscs	no	yes	yes	unknown	
gaskett2001	2001	jan	1999	1999	summer	temperate	pacific	australia pacific				-52	-53.5	-55	157	159.5	162	electrona	gymnoscopelus	gymnoscopelus braueri	gymnoscopelus braueri				adult				220	280	220	gut	36		0	%W	amphipods	crustaceans	copepods	crustaceans	crustaceans	crustaceans	no	no	yes		
gaskett2001	2001	jan	1999	1999	summer	temperate	pacific	australia pacific				-52	-53.5	-55	157	159.5	162	electrona	gymnoscopelus	gymnoscopelus fraseri	gymnoscopelus fraseri				adult				88	280	88	gut	22		0	%W	crustaceans	crustaceans	amphipods	crustaceans	euphausiids	crustaceans	no	no	yes		
gaskett2001	2001	jan	1999	1999	summer	temperate	pacific	australia				-52	-53.5	-55	157	159.5	162	electrona	gymnoscopelus	gymnoscopelus microlampas	gymnoscopelus microlampas				adult				117	280	117	gut	19		6	%W	euphausiids	crustaceans	amphipods	crustaceans	crustaceans	crustaceans	no	yes	yes	unknown	
gaskett2001	2001	jan	1999	1999	summer	temperate	pacific	australia pacific				-52	-53.5	-55	157	159.5	162	electrona	gymnoscopelus	gymnoscopelus nicholsi	gymnoscopelus nicholsi				adult				191	280	191	gut	2		0	%W	crustaceans	crustaceans	copepods	crustaceans	euphausiids	crustaceans	no	no	yes		
gaskett2001	2001	jan	1999	1999	summer	temperate	pacific	australia pacific				-52	-53.5	-55	157	159.5	162	electrona	gymnoscopelus	gymnoscopelus piabilis	gymnoscopelus piabilis				adult				146	280	146	gut	9		0	%W	amphipods	crustaceans	euphausiids	crustaceans	crustaceans	crustaceans	no	no	yes		
gaskett2001	2001	jan	1999	1999	summer	temperate	pacific	australia pacific				-52	-53.5	-55	157	159.5	162	electrona	krefftichthys	krefftichthys anderssoni	krefftichthys anderssoni				adult				71	71	71	gut	25		0	%W	copepods	crustaceans	crustaceans	crustaceans	euphausiids	crustaceans	yes	no	yes		
gaskett2001	2001	jan	1999	1999	summer	temperate	pacific	australia pacific				-52	-53.5	-55	157	159.5	162	electrona	lampanyctus	lampanyctus achirus	lampanyctus achirus				adult				162	300	162	gut	18		0	%W	amphipods	crustaceans	copepods	crustaceans	decapods	crustaceans	no	no	yes		
gaskett2001	2001	jan	1999	1999	summer	temperate	pacific	australia pacific				-52	-53.5	-55	157	159.5	162	electrona	protomyctophum	protomyctophum andriashevi	protomyctophum andriashevi				adult				60	95	60	gut	18		0	%W	euphausiids	crustaceans	crustaceans	crustaceans	amphipods	crustaceans	no	no	yes		
gaskett2001	2001	jan	1999	1999	summer	temperate	pacific	australia pacific				-52	-53.5	-55	157	159.5	162	electrona	protomyctophum	protomyctophum bolini	protomyctophum bolini				adult				67	95	67	gut	26		0	%W	euphausiids	crustaceans	copepods	crustaceans	amphipods	crustaceans	no	no	yes		
gaskett2001	2001	jan	1999	1999	summer	temperate	pacific	australia pacific				-52	-53.5	-55	157	159.5	162	electrona	protomyctophum	protomyctophum parallelum	protomyctophum parallelum				adult				50	95	50	gut	4		0	%W	amphipods	crustaceans	copepods	crustaceans			no	no	yes		
gaskett2001	2001	jan	1999	1999	summer	temperate	pacific	australia pacific				-52	-53.5	-55	157	159.5	162	electrona	protomyctophum	protomyctophum tenisoni	protomyctophum tenisoni				adult				54	95	54	gut	30		0	%W	copepods	crustaceans	euphausiids	crustaceans	amphipods	crustaceans	yes	no	yes		
gerasimova1990	1990	feb,march	1989	1989	fall	polar	antarctic	southern ocean				-55	-57.5	-60	-1	-19.5	-38	electrona	electrona	electrona carlsbergi	electrona carlsbergi				adult						112	gut			0	%W	copepods	crustaceans	crustaceans	crustaceans	chaetognatha	chaetognatha	yes	no	no		
giske1990	1990	jan	1989	1989	summer	polar	arctic	norway	mocness, ikmt	50	150	60	60	60	5	5	5	benthosema	benthosema	benthosema glaciale	benthosema glaciale				adult						103	gut	69		1	N	copepods	crustaceans					yes	yes	yes		
gjosaeter1972	1972		1967	1970	multiple	polar	arctic	norway	pelagic trawl, neuston			60	60	60				benthosema	benthosema	benthosema glaciale	benthosema glaciale			surface	adult						103	gut	213		0	%W	copepods	crustaceans	euphausiids	crustaceans			yes	no	no		
gong2024	2024		2015	2016	multiple	tropical	pacific	south china sea	pelagic trawl, neuston	75	750	10	14.5	19	111	115	119	diaphus	diaphus	diaphus brachycephalus	diaphus brachycephalus			surface	adult	33	42	51	51	170		gut	311		1.89	%W	copepods						yes	yes	yes		
gong2024	2024		2015	2016	multiple	tropical	pacific	south china sea	pelagic trawl, neuston	75	750	10	14.5	19	111	115	119	ceratoscopelus	ceratoscopelus	ceratoscopelus warmingii	ceratoscopelus warmingii			surface	adult	31	46.5	62	62	184		gut	350		0.55	%W	amphipods						no	yes	yes		
gordon1985	1985	april,may	1982	1982	spring	temperate	pacific	japan	ikmt	0	2500	41	42	43	124	135	146	lampanyctus	lampanyctus	lampanyctus jordani	lampanyctus jordani			oblique	adult	102		130			140	gut	10		0	%W	euphausiids	crustaceans	copepods	crustaceans	crustaceans	crustaceans	no	no	yes		
gordon1985	1985	april,may	1982	1982	spring	temperate	pacific	japan	ikmt	0	2500	41	42	43	124	135	146	stenobrachius	stenobrachius	stenobrachius nannochir	stenobrachius nannochir			oblique	adult	26		114			110	gut	145		0	%W	copepods	crustaceans	crustaceans	crustaceans	ostracods	crustaceans	yes	no	yes		
gordon1985	1985	april,may	1982	1982	spring	temperate	pacific	japan	ikmt	0	2500	41	42	43	124	135	146	protomyctophum	protomyctophum	protomyctophum thompsoni	protomyctophum thompsoni			oblique	adult	20		45			52	gut			0	%W	copepods	crustaceans	crustaceans	crustaceans			yes	no	yes		
gordon1985	1985	april,may	1982	1982	spring	temperate	pacific	japan	ikmt	0	2500	41	42	43	124	135	146	stenobrachius	stenobrachius	stenobrachius leucopsarus	stenobrachius leucopsarus			oblique	adult	22		99			130	gut	9		0	%W	copepods	crustaceans	euphausiids	crustaceans	ostracods	crustaceans	yes	no	yes		
gordon1985	1985	april,may	1982	1982	spring	temperate	pacific	japan	ikmt	0	2500	41	42	43	124	135	146	diaphus	diaphus	diaphus theta	diaphus theta			oblique	adult	25		90			114	gut			0	%W	copepods	crustaceans	euphausiids	crustaceans	ostracods	crustaceans	yes	no	yes		
halliday2015	2015		1988	1989	multiple	temperate	atlantic	slope sea	pelagic trawl	50	200	40	42	44	66	58	50	ceratoscopelus	ceratoscopelus	ceratoscopelus maderensis	ceratoscopelus maderensis			oblique	adult	13	44	75	75	184		gut			0.5	%N	copepods						yes	yes	yes		
halliday2015	2015		1988	1989	multiple	temperate	atlantic	slope sea	pelagic trawl	50	200	40	42	44	66	58	50	benthosema	benthosema	benthosema glaciale	benthosema glaciale			oblique	adult	18	48.5	79	79	103		gut			0.7	%N	copepods						yes	yes	yes		
hopkins1992	1992	jul,sep,oct,nov,dec,jan,feb,mar	1984	1987	multiple	temperate	atlantic	gulf of mexico	tucker, neuston, plankton	0	200	27	27	27	-86	-86	-86	benthosema	benthosema	benthosema suborbitale	benthosema suborbitale			oblique, surface	adult				39	103	39	gut	129		0	%W	copepods	crustaceans	euphausiids	crustaceans	ostracods	crustaceans	yes	no	yes		
hopkins1992	1992	jul,sep,oct,nov,dec,jan,feb,mar	1984	1987	multiple	temperate	atlantic	gulf of mexico	tucker, neuston, plankton	0	200	27	27	27	-86	-86	-86	bolinichthys	bolinichthys	bolinichthys photothorax	bolinichthys photothorax			oblique, surface	adult				73	117	73	gut	14		0	%W	copepods	crustaceans	chaetognatha	chaetognatha	ostracods	crustaceans	yes	no	yes		
hopkins1992	1992	jul,sep,oct,nov,dec,jan,feb,mar	1984	1987	multiple	temperate	atlantic	gulf of mexico	tucker, neuston, plankton	0	200	27	27	27	-86	-86	-86	ceratoscopelus	ceratoscopelus	ceratoscopelus warmingii	ceratoscopelus warmingii			oblique, surface	adult				102	184	102	gut	114		7	%W	copepods	crustaceans	siphonophores	gelatinous	decapods	crustaceans	yes	yes	yes		
hopkins1992	1992	jul,sep,oct,nov,dec,jan,feb,mar	1984	1987	multiple	temperate	atlantic	gulf of mexico	tucker, neuston, plankton	0	200	27	27	27	-86	-86	-86	diaphus	diaphus	diaphus dumerilii	diaphus dumerilii			oblique, surface	adult				95	170	95	gut	97		1	%W	copepods	crustaceans	ostracods	crustaceans	chaetognatha	chaetognatha	yes	yes	yes		
hopkins1992	1992	jul,sep,oct,nov,dec,jan,feb,mar	1984	1987	multiple	temperate	atlantic	gulf of mexico	tucker, neuston, plankton	0	200	27	27	27	-86	-86	-86	diaphus	diaphus	diaphus lucidus	diaphus lucidus			oblique, surface	adult				118	170	118	gut	32		0	%W	decapods	crustaceans	euphausiids	crustaceans	copepods	crustaceans	no	no	yes		
hopkins1992	1992	jul,sep,oct,nov,dec,jan,feb,mar	1984	1987	multiple	temperate	atlantic	gulf of mexico	tucker, neuston, plankton	0	200	27	27	27	-86	-86	-86	diaphus	diaphus	diaphus mollis	diaphus mollis			oblique, surface	adult				66	170	66	gut	41		0	%W	copepods	crustaceans	chaetognatha	chaetognatha	siphonophores	gelatinous	yes	no	yes		
hopkins1992	1992	jul,sep,oct,nov,dec,jan,feb,mar	1984	1987	multiple	temperate	atlantic	gulf of mexico	tucker, neuston, plankton	0	200	27	27	27	-86	-86	-86	diaphus	diaphus	diaphus perspicillatus	diaphus perspicillatus			oblique, surface	adult				104	170	104	gut	3		0	%W	copepods	crustaceans	euphausiids	crustaceans	amphipods	crustaceans	yes	no	yes		
hopkins1992	1992	jul,sep,oct,nov,dec,jan,feb,mar	1984	1987	multiple	temperate	atlantic	gulf of mexico	tucker, neuston, plankton	0	200	27	27	27	-86	-86	-86	diaphus	diaphus	diaphus splendidus	diaphus splendidus			oblique, surface	adult				90	170	90	gut	11		0	%W	copepods	crustaceans	chaetognatha	chaetognatha	ostracods	crustaceans	yes	no	yes		
hopkins1992	1992	jul,sep,oct,nov,dec,jan,feb,mar	1984	1987	multiple	temperate	atlantic	gulf of mexico	tucker, neuston, plankton	0	200	27	27	27	-86	-86	-86	diaphus	diaphus	diaphus taaningi	diaphus taaningi			oblique, surface	adult				70	170	70	gut	13		0	%W	euphausiids	crustaceans	copepods	crustaceans	siphonophores	gelatinous	no	no	yes		
hopkins1992	1992	jul,sep,oct,nov,dec,jan,feb,mar	1984	1987	multiple	temperate	atlantic	gulf of mexico	tucker, neuston, plankton	0	200	27	27	27	-86	-86	-86	hygophum	hygophum	hygophum hygomii	hygophum hygomii			oblique, surface	adult				81	81	81	gut	5		0	%W	decapods	crustaceans	copepods	crustaceans	euphausiids	crustaceans	no	no	yes		
hopkins1992	1992	jul,sep,oct,nov,dec,jan,feb,mar	1984	1987	multiple	temperate	atlantic	gulf of mexico	tucker, neuston, plankton	0	200	27	27	27	-86	-86	-86	lampanyctus	lampanyctus	lampanyctus alatus	lampanyctus alatus			oblique, surface	adult				61	300	61	gut	248		5	%W	copepods	crustaceans	euphausiids	crustaceans	amphipods	crustaceans	yes	yes	yes		
hopkins1992	1992	jul,sep,oct,nov,dec,jan,feb,mar	1984	1987	multiple	temperate	atlantic	gulf of mexico	tucker, neuston, plankton	0	200	27	27	27	-86	-86	-86	lepidophanes	lepidophanes	lepidophanes guentheri	lepidophanes guentheri			oblique, surface	adult				80	80	80	gut	144		3	%W	copepods	crustaceans	euphausiids	crustaceans	ostracods	crustaceans	yes	yes	yes		
hopkins1992	1992	jul,sep,oct,nov,dec,jan,feb,mar	1984	1987	multiple	temperate	atlantic	gulf of mexico	tucker, neuston, plankton	0	200	27	27	27	-86	-86	-86	lobianchia	lobianchia	lobianchia gemellarii	lobianchia gemellarii			oblique, surface	adult				60	60	60	gut	12		0	%W	euphausiids	crustaceans	copepods	crustaceans	ostracods	crustaceans	no	no	yes		
hopkins1992	1992	jul,sep,oct,nov,dec,jan,feb,mar	1984	1987	multiple	temperate	atlantic	gulf of mexico	tucker, neuston, plankton	0	200	27	27	27	-86	-86	-86	myctophum	myctophum	myctophum affine	myctophum affine			oblique, surface	adult				79	110	79	gut	44		0	%W	copepods	crustaceans	chaetognatha	chaetognatha	amphipods	crustaceans	yes	no	yes		
hopkins1992	1992	jul,sep,oct,nov,dec,jan,feb,mar	1984	1987	multiple	temperate	atlantic	gulf of mexico	tucker, neuston, plankton	0	200	27	27	27	-86	-86	-86	notoychnus	notolychnus	notolychnus valdiviae	notolychnus valdiviae			oblique, surface	adult				63	63	63	gut	94		0	%W	copepods	crustaceans	euphausiids	crustaceans	ostracods	crustaceans	yes	no	yes		
hopkins1992	1992	jul,sep,oct,nov,dec,jan,feb,mar	1984	1987	multiple	temperate	atlantic	gulf of mexico	tucker, neuston, plankton	0	200	27	27	27	-86	-86	-86	notoscopelus	notoscopelus	notoscopelus resplendens	notoscopelus resplendens			oblique, surface	adult				95	143	95	gut	75		6	%W	copepods	crustaceans	euphausiids	crustaceans	decapods	crustaceans	yes	yes	yes		
hopkins1992	1992	jul,sep,oct,nov,dec,jan,feb,mar	1984	1987	multiple	temperate	atlantic	gulf of mexico	tucker, neuston, plankton	0	200	27	27	27	-86	-86	-86	centrobranchus	centrobranchus	centrobranchus nigroocellatus	centrobranchus nigroocellatus			oblique, surface	adult	65	65	65	65	65	50	gut	22		0	%W	molluscs	molluscs					no	no	yes		
hopkins1993	1993		1983	1983	spring	polar	antarctic	scotia sea	plankton	0	1000	-58	-59	-60	-39	-49	-59	gymnoscopelus	gymnoscopelus	gymnoscopelus braueri	gymnoscopelus braueri	7	7	discrete depth	adult	60		117			220	gut			0	%W	euphausiids	crustaceans	copepods	crustaceans	ostracods	crustaceans	no	no	no		
hopkins1993	1993		1983	1983	spring	polar	antarctic	scotia sea	plankton	0	1000	-58	-59	-60	-39	-49	-59	electrona	electrona	electrona antarctica	electrona antarctica	7	7	discrete depth	adult	45		96			115	gut			0	%W	euphausiids	crustaceans	copepods	crustaceans	larvaceans	gelatinous	no	no	no		
hopkins2013	2013	aug,sep,oct	1970	1981	multiple	temperate	atlantic	gulf of mexico	tucker, plankton	50	1000	27	27	27	-86	-86	-86	lampanyctus	lampanyctus	lampanyctus alatus	lampanyctus alatus	1	1	oblique, discrete depth	adult	15	29.5	44	44	300	61	gut	84		0.1	%W	copepods	crustaceans	euphausiids	crustaceans	ostracods	crustaceans	yes	yes	yes		
hudson2014	2014	jun,jul	2004	2004	summer	temperate	atlantic	mid atlantic ridge	pelagic trawl	0	2300	45	52.5	60	-40	-30	-20	protomyctophum	protomyctophum	protomyctophum arcticum	protomyctophum arcticum	6	22	discrete depth	adult	15	30	45	45	95	60	gut	74		0	%W	copepods	crustaceans	ostracods	crustaceans	amphipods	crustaceans	yes	no	yes		
hudson2014	2014	jun,jul	2004	2004	summer	temperate	atlantic	mid atlantic ridge	pelagic trawl	0	2300	45	52.5	60	-40	-30	-20	benthosema	benthosema	benthosema glaciale	benthosema glaciale	6	22	discrete depth	adult	10	40	70	70	103	103	gut	201		0.08	%W	copepods	crustaceans	ostracods	crustaceans	euphausiids	crustaceans	yes	yes	yes	unknown	
hudson2014	2014	jun,jul	2004	2004	summer	temperate	atlantic	mid atlantic ridge	pelagic trawl	0	2300	45	52.5	60	-40	-30	-20	hygophum	hygophum	hygophum hygomii	hygophum hygomii	6	22	discrete depth	adult	25	42.5	60	60	81	81	gut	28		3.49	%W	copepods	crustaceans	ostracods	crustaceans	euphausiids	crustaceans	yes	yes	yes	unknown	
imsand1981	1981		1960	1974	multiple	tropical	pacific	us	pelagic trawl	25	650	20	25	30	-160	-137.5	-115	triphoturus	triphoturus	triphoturus mexicanus	triphoturus mexicanus	25	25	oblique, horizontal	adult	33		55			70	gut	177		0	%W	copepods	crustaceans	euphausiids	crustaceans			yes	no	no		
imsand1981	1981		1960	1974	multiple	tropical	pacific	us	pelagic trawl	25	650	20	25	30	-160	-137.5	-115	triphoturus	triphoturus	triphoturus nigrescens	triphoturus nigrescens	25	25	oblique, horizontal	adult	27		36			81	gut	40		0	%W	copepods	crustaceans	euphausiids	crustaceans			yes	no	no		
kawaguchi1982	1982	jul,feb	1973	1976	multiple	temperate	atlantic	ireland	ikmt, neuston	0	2700	55	55	55	-12	-12	-12	protomyctophum	protomyctophum	protomyctophum arcticum	protomyctophum arcticum			oblique, surface	adult	5	20	35	35	95	60	gut	60		6.1	%N	copepods	crustaceans	ostracods	crustaceans	amphipods	crustaceans	yes	yes	yes		
kawaguchi1982	1982	jul,feb	1973	1976	multiple	temperate	atlantic	ireland	ikmt, neuston	0	2700	55	55	55	-12	-12	-12	benthosema	benthosema	benthosema glaciale	benthosema glaciale			oblique, surface	adult	20	35	50	50	103	103	gut	294		1.3	%N	copepods	crustaceans	amphipods	crustaceans	euphausiids	crustaceans	yes	yes	yes		
kawaguchi1982	1982	jul,feb	1973	1976	multiple	temperate	atlantic	ireland	ikmt, neuston	0	2700	55	55	55	-12	-12	-12	lampanyctus	lampanyctus	lampanyctus macdonaldi	lampanyctus macdonaldi			oblique, surface	adult	5	67.5	130	130	300	160	gut	99		0	%W	copepods	crustaceans	ostracods	crustaceans	crustaceans	crustaceans	yes	no	yes		
kinzer1985	1985	mar,april,aug	1974	1979	multiple	tropical	atlantic	tropical atlantic	rmt, neuston, plankton	0	200	3	0.5	-2	-22	-22	-22	notolychnus	notolychnus	notolychnus valdiviae	notolychnus valdiviae			discrete depth, surface	adult	25	25	25	25	63	63	gut	120		0	%W	copepods	crustaceans	ostracods	crustaceans	appendicularians	gelatinous	yes	no	yes		
kinzer1985	1985	mar,april,aug	1974	1979	multiple	tropical	atlantic	tropical atlantic	rmt, neuston, plankton	0	200	3	0.5	-2	-22	-22	-22	diaphus	diaphus	diaphus brachycephalus	diaphus brachycephalus			discrete depth, surface	adult	28	28	28	28	170	60	gut	146		0	%W	copepods	crustaceans	ostracods	crustaceans			yes	no	yes		
kinzer1985	1985	mar,april,aug	1974	1979	multiple	tropical	atlantic		rmt, neuston, plankton	0	200	3	0.5	-2	-22	-22	-22	ceratoscopelus	ceratoscopelus	ceratoscopelus warmingii	ceratoscopelus warmingii			discrete depth, surface	adult	34	34	34	34	184	102	gut	179			%W	appendicularians	urochardates	copepods	crustaceans	salps	gelatinous	no	yes	yes		
kinzer1985	1985	mar,april,aug	1974	1979	multiple	tropical	atlantic	tropical atlantic	rmt, neuston, plankton	0	200	3	0.5	-2	-22	-22	-22	diaphus	diaphus	diaphus luetkeni	diaphus luetkeni			discrete depth, surface	adult	35	35	35	35	170	60	gut	104		0	%W	copepods	crustaceans	ostracods	crustaceans	amphipods	crustaceans	yes	no	yes		
kinzer1985	1985	mar,april,aug	1974	1979	multiple	tropical	atlantic		rmt, neuston, plankton	0	200	3	0.5	-2	-22	-22	-22	lampanyctus	lampanyctus	lampanyctus alatus	lampanyctus alatus			discrete depth, surface	adult	41	41	41	41	300	61	gut	252			%W	copepods	crustaceans	euphausiids	crustaceans	ostracods	crustaceans	yes	yes	yes		
kinzer1985	1985	mar,april,aug	1974	1979	multiple	tropical	atlantic	tropical atlantic	rmt, neuston, plankton	0	200	3	0.5	-2	-22	-22	-22	diaphus	diaphus	diaphus dumerilii	diaphus dumerilii			discrete depth, surface	adult	43	43	43	43	170	95	gut	101		0	%W	copepods	crustaceans	appendicularians	gelatinous	ostracods	crustaceans	yes	no	yes		
kinzer1985	1985	mar,april,aug	1974	1979	multiple	tropical	atlantic	tropical atlantic	rmt, neuston, plankton	0	200	3	0.5	-2	-22	-22	-22	lepidophanes	lepidophanes	lepidophanes guentheri	lepidophanes guentheri			discrete depth, surface	adult	46	46	46	46	80	80	gut	238		0	%W	copepods	crustaceans	appendicularians	gelatinous	euphausiids	crustaceans	yes	no	yes		
kinzer1993	1993	april,may,jun	1987	1987	spring	tropical	indian	arabian sea	rmt, neuston, plankton	0	1000	24	21	18	62	64.5	67	diaphus	diaphus	diaphus arabicus	diaphus arabicus	4	4.5	oblique	adult	20	29.5	39	39	170		gut	138			%W	copepods	crustaceans	appendicularians	gelatinous	ostracods	crustaceans	yes	yes	yes	unknown	
kinzer1993	1993	april,may,jun	1987	1987	spring	tropical	indian	arabian sea	rmt, neuston, plankton	0	1000	24	21	18	62	64.5	67	benthosema	benthosema	benthosema pterotum	benthosema pterotum	4	4.5	oblique	adult	15	29.5	44	44	103	70	gut	42			%W	copepods	crustaceans	ostracods	crustaceans	euphausiids	crustaceans	yes	yes	yes	unknown	
kinzer1993	1993	april,may,jun	1987	1987	spring	tropical	indian	arabian sea	rmt, neuston, plankton	0	1000	24	21	18	62	64.5	67	hygophum	hygophum	hygophum proximum	hygophum proximum	4	4.5	oblique	adult	15	29.5	44	44	81	50	gut	8		0	%W	copepods	crustaceans	chaetognatha	chaetognatha	appendicularians	gelatinous	yes	no	yes		
kinzer1993	1993	april,may,jun	1987	1987	spring	tropical	indian	arabian sea	rmt, neuston, plankton	0	1000	24	21	18	62	64.5	67	benthosema	benthosema	benthosema fibulatum	benthosema fibulatum	4	4.5	oblique	adult	20	34.5	49	49	103	100	gut	1		0	%W	copepods	crustaceans	ostracods	crustaceans	euphausiids	crustaceans	yes	no	yes		
kinzer1993	1993	april,may,jun	1987	1987	spring	tropical	indian	arabian sea	rmt, neuston, plankton	0	1000	24	21	18	62	64.5	67	bolinichthys	bolinichthys	bolinichthys longipes	bolinichthys longipes	4	4.5	oblique	adult	20	34.5	49	49	117	50	gut	4			%W	copepods	crustaceans	ostracods	crustaceans	appendicularians	gelatinous	yes	yes	yes	myctophid	
kinzer1993	1993	april,may,jun	1987	1987	spring	tropical	indian	arabian sea	rmt, neuston, plankton	0	1000	24	21	18	62	64.5	67	diaphus	diaphus	diaphus thriollierei	diaphus thiollierei	4	4.5	oblique	adult	45	45	45	45	170	100	gut	4			%W	copepods	crustaceans	appendicularians	gelatinous	euphausiids	crustaceans	yes	yes	yes	myctophid	
klimpel2008	2008	jun,jul,aug	2004	2004	summer	temperate	atlantic	mid atlantic ridge	pelagic trawl	300	800	52.916	52.916	52.916	-34.65	-34.65	-34.65	notoscopelus	notoscopelus	notoscopelus kroyeri	notoscopelus kroyeri				adult	83		120			143	gut	74		0	%W	copepods	crustaceans	amphipods	crustaceans	euphausiids	crustaceans	yes	no	no		
klimpel2008	2008	jun,jul,aug	2004	2004	summer	temperate	atlantic	mid atlantic ridge	pelagic trawl	300	800	52.916	52.916	52.916	-34.65	-34.65	-34.65	myctophum	myctophum	myctophum punctatum	myctophum punctatum				adult	71		91			110	gut	89		0	%W	copepods	crustaceans	amphipods	crustaceans	decapods	crustaceans	yes	no	no		
knutsen2023	2023	may,june	2013	2013	spring	arctic	atlantic	norway	mocness, harstad	0	1000	55	62.5	70	60	30	0	benthosema	benthosema	benthosema glaciale	benthosema glaciale	3	3	oblique, discrete depth	adult	23	49	75	75	103		gut	120		0	%W	copepods						yes	no	no		
kosenok2006	2006	nov,aug	2001	2002	multiple	temperate	pacific		pelagic trawl	0	500	40	43	46	148	155	162	diaphus	diaphus	diaphus theta	diaphus theta				adult	40	70	100	100	170	114	gut				%W	euphausiids	crustaceans	amphipods	crustaceans	copepods	crustaceans	no	yes	yes		
kubota1980	1980	nov	1969	1970	fall	temperate	pacific	japan	ring net			34	34.5	35	138	138	138	benthosema	benthosema	benthosema pterotum	benthosema pterotum				adult				70	103	70	gut	380			%W	copepods	crustaceans	euphausiids	crustaceans	ostracods	crustaceans	yes	yes	yes		
kubota1980	1980	nov	1969	1970	fall	temperate	pacific	japan	ring net			34	34.5	35	138	138	138	diaphus	diaphus	diaphus suborbitalis	diaphus suborbitalis				adult				73	170	73	gut	571			%W	copepods	crustaceans	euphausiids	crustaceans	ostracods	crustaceans	yes	yes	yes		
kubota1980	1980	nov	1969	1970	fall	temperate	pacific	japan	ring net			34	34.5	35	138	138	138	myctophum	myctophum	myctophum nitidulum	myctophum nitidulum				adult				83	110	83	gut	78			%W	copepods	crustaceans	crustacean larvae	crustaceans	euphausiids	crustaceans	yes	yes	yes		
kubota1980	1980	nov	1969	1970	fall	temperate	pacific	japan	ring net			34	34.5	35	138	138	138	myctophum	myctophum	myctophum orientale	myctophum orientale				adult				110	110		gut	33			%W	copepods	crustaceans	crustacean larvae	crustaceans	ostracods	crustaceans	yes	yes	yes		
lourenco2017	2017	oct,nov,dec,jan,jeb,mar,april	2006	2009	multiple	polar	antarctic	scotia sea		0	1000	-50	-57.5	-65	-60	-47.5	-35	krefftichthys	krefftichthys	krefftichthys anderssoni	krefftichthys anderssoni	5	5	oblique, discrete depth	larvae	2		19			71	gut	374		0	%W	copepods	crustaceans	euphausiids	crustaceans	amphipods	crustaceans	yes	no	yes		
mccrone1981	1981	jul,aug	1973	1972	summer	temperate	pacific		plankton	0	440	50	-57.5	-65	-60	-47.5	-145	diaphus	diaphus	diaphus theta	diaphus theta				adult	36	62	88	88	170	114	gut				%W	euphausiids	crustaceans					no	yes	yes		
mccrone1981	1981	jul,aug	1973	1972	summer	temperate	pacific		plankton	0	440	50	-57.5	-65	-60	-47.5	-145	stenobrachius	stenobrachius	stenobrachius leucopsarus	stenobrachius leucopsarus				adult	18	65	112	112	130	130	gut				%W	euphausiids	crustaceans					no	yes	yes		
mccrone1981	1981	jul,aug	1973	1972	summer	temperate	pacific		plankton	0	440	50	-57.5	-65	-60	-47.5	-145	protomyctophum	protomyctophum	protomyctophum thompsoni	protomyctophum thompsoni				adult	19		53				gut			0	%W								no	yes		
merrett1974	1974	april	1972	1972	spring	temperate	atlantic	morrocco	rmt, neuston	0	2000	30	30	30	-23	-23	-23	notolychnus	notolychnus	notolychnus valdiviae	notolychnus valdiviae	0.32	4.5	oblique, discrete depth, surface	adult	12	17.5	23	23	63	63	gut	19		0	%W	copepods	crustaceans	ostracods	crustaceans	euphausiids	crustaceans	yes	no	yes		
merrett1974	1974	april	1972	1972	spring	temperate	atlantic	morrocco	rmt, neuston	0	2000	30	30	30	-23	-23	-23	lobianchia	lobianchia	lobianchia dofleini	lobianchia dofleini	0.32	4.5	oblique, discrete depth, surface	adult	13	22.5	32	32	60	60	gut	18		0	%W	copepods	crustaceans	ostracods	crustaceans			yes	no	yes		
merrett1974	1974	april	1972	1972	spring	temperate	atlantic	morrocco	rmt, neuston	0	2000	30	30	30	-23	-23	-23	lampanyctus	lampanyctus	lampanyctus cuprarius	lampanyctus cuprarius	0.32	4.5	oblique, discrete depth, surface	adult	30	51.5	73	73	300	79	gut	21		1	N	amphipods	crustaceans	copepods	crustaceans	ostracods	crustaceans	no	yes	yes	unknown	
moku2000	2000	jul,aug	1994	1996	summer	temperate	pacific	japan	ikmt, plankton	25	670	39.966	40.466	40.966	144.916	145.891	146.866	diaphus	diaphus	diaphus theta	diaphus theta	0.33	30	discrete depth, horizontal	adult	40		100			114	gut	436		0	%W	euphausiids	crustaceans	copepods	crustaceans	amphipods	crustaceans	no	no	yes		
moku2000	2000	jul,aug	1994	1996	summer	temperate	pacific	japan	ikmt, plankton	25	670	39.966	40.466	40.966	144.916	145.891	146.866	stenobrachius	stenobrachius	stenobrachius leucopsarus	stenobrachius leucopsarus	0.33	30	discrete depth, horizontal	adult	50		110			130	gut	518		0	%W	copepods	crustaceans	euphausiids	crustaceans	amphipods	crustaceans	yes	no	yes		
moku2000	2000	jul,aug	1994	1996	summer	temperate	pacific	japan	ikmt, plankton	25	670	39.966	40.466	40.966	144.916	145.891	146.866	stenobrachius	stenobrachius	stenobrachius nannochir	stenobrachius nannochir	0.33	30	discrete depth, horizontal	adult	60		130			110	gut	346		0	%W	copepods	crustaceans					yes	no	yes		
nakamura1970	1970	feb	1967	1967	spring	tropical	pacific	christmas island	dip net	15	20	2	2	2	-157.533	-157.533	-157.533	diaphus	diaphus	diaphus garmani	diaphus garmani				adult	40		55			60	gut	100		12	N	crustaceans	crustaceans	copepods	crustaceans	gastropods	molluscs	no	yes	yes		
nirazuka2021	2021	january	2017	2017	winter	antarctic	antarctic	wilkes land	ring net	200	400	-63.5	-63.5	-63.5	110	110	110	electrona	electrona	electrona antarctica	electrona antarctica			oblique	larvae	5	10	15	15	127		gut	58		0	%W	diatom						no	no	no		
nishimura1999	1999	aug,sep	1994	1994	summer	polar	arctic	bering sea	ikmt	20	40	54	58	62	160	175	-170	stenobrachius	stenobrachius	stenobrachius leucopsarus	stenobrachius leucopsarus	4	4		adult	22		106			130	gut	327		0	%W	copepods	crustaceans	ostracods	crustaceans	euphausiids	crustaceans	yes	no	no		
olivar2019	2019				unknown	tropical	atlantic	brazil	mocness	0	200	-10	8	26	-40	-25	-10	diogenichthys	diogenichthys	diogenichthys atlanticus	diogenichthys atlanticus			oblique	adult	19	19	19	19	50		sia	3			%W								yes	yes	myctophid	
olivar2019	2019				unknown	tropical	atlantic	brazil	mocness	0	200	-10	8	26	-40	-25	-10	notolychnus	notolychnus	notolychnus valdiviae	notolychnus valdiviae			oblique	adult	20	20	20	20	63		sia	7			%W								yes	yes	myctophid	
olivar2019	2019				unknown	tropical	atlantic	brazil	mocness	0	200	-10	8	26	-40	-25	-10	benthosema	benthosema	benthosema suborbitale	benthosema suborbitale			oblique	adult	24	26	28	28	103		sia	6			%W								yes	yes	myctophid	
olivar2019	2019				unknown	tropical	atlantic	brazil	mocness	0	200	-10	8	26	-40	-25	-10	lobianchia	lobianchia	lobianchia dofleini	lobianchia dofleini			oblique	adult	28	28	28	28	60		sia	2			%W								yes	yes	myctophid	
olivar2019	2019				unknown	tropical	atlantic	brazil	mocness	0	200	-10	8	26	-40	-25	-10	benthosema	benthosema	benthosema glaciale	benthosema glaciale			oblique	adult	34	34	34	34	103		sia	3			%W								yes	yes	myctophid	
olivar2019	2019				unknown	tropical	atlantic	brazil	mocness	0	200	-10	8	26	-40	-25	-10	lampanyctus	lampanyctus	lampanyctus pusillus	lampanyctus pusillus			oblique	adult	34	34	34	34	300		sia	3			%W								yes	yes	myctophid	
olivar2019	2019				unknown	tropical	atlantic	brazil	mocness	0	200	-10	8	26	-40	-25	-10	diaphus	diaphus	diaphus vanhoeffeni	diaphus vanhoeffeni			oblique	adult	35	35	35	35	170		sia	3			%W								yes	yes	myctophid	
olivar2019	2019				unknown	tropical	atlantic	brazil	mocness	0	200	-10	8	26	-40	-25	-10	notoscopelus	notoscopelus	notoscopelus resplendens	notoscopelus resplendens			oblique	adult	35	38	41	41	143		sia	6			%W								yes	yes	myctophid	
olivar2019	2019				unknown	tropical	atlantic	brazil	mocness	0	200	-10	8	26	-40	-25	-10	diaphus	diaphus	diaphus brachycephalus	diaphus brachycephalus			oblique	adult	33	40.5	48	48	170		sia	6			%W								yes	yes	myctophid	
olivar2019	2019				unknown	tropical	atlantic	brazil	mocness	0	200	-10	8	26	-40	-25	-10	hygophum	hygophum	hygophum macrochir	hygophum macrochir			oblique	adult	41	41	41	41	81		sia	3			%W								yes	yes	myctophid	
olivar2019	2019				unknown	tropical	atlantic	brazil	mocness	0	200	-10	8	26	-40	-25	-10	diaphus	diaphus	diaphus holti	diaphus holti			oblique	adult	44	44	44	44	170		sia	3			%W								yes	yes	myctophid	
olivar2019	2019				unknown	tropical	atlantic	brazil	mocness	0	200	-10	8	26	-40	-25	-10	lampanyctus	lampanyctus	lampanyctus nobilis	lampanyctus nobilis			oblique	adult	47	47	47	47	300		sia	3			%W								yes	yes	myctophid	
olivar2019	2019				unknown	tropical	atlantic	brazil	mocness	0	200	-10	8	26	-40	-25	-10	lampanyctus	lampanyctus	lampanyctus alatus	lampanyctus alatus			oblique	adult	48	48.5	49	49	300		sia	56			%W								yes	yes	myctophid	
olivar2019	2019				unknown	tropical	atlantic	brazil	mocness	0	200	-10	8	26	-40	-25	-10	lepidophanes	lepidophanes	lepidophanes guentheri	lepidophanes guentheri			oblique	adult	52	52	52	52	80		sia	3			%W								yes	yes	myctophid	
olivar2019	2019				unknown	tropical	atlantic	brazil	mocness	0	200	-10	8	26	-40	-25	-10	diaphus	diaphus	diaphus dumerilii	diaphus dumerilii			oblique	adult	53	53	53	53	170		sia	3			%W								yes	yes	myctophid	
olivar2019	2019				unknown	tropical	atlantic	brazil	mocness	0	200	-10	8	26	-40	-25	-10	diaphus	diaphus	diaphus mollis	diaphus mollis			oblique	adult	53	53	53	53	170		sia	3			%W								yes	yes	myctophid	
olivar2019	2019				unknown	tropical	atlantic	brazil	mocness	0	200	-10	8	26	-40	-25	-10	diaphus	diaphus	diaphus rafinesquii	diaphus rafinesquii			oblique	adult	57	57.5	58	58	170		sia	3			%W								yes	yes	myctophid	
olivar2019	2019				unknown	tropical	atlantic	brazil	mocness	0	200	-10	8	26	-40	-25	-10	ceratoscopelus	ceratoscopelus	ceratoscopelus warmingii	ceratoscopelus warmingii			oblique	adult	58	58	58	58	184		sia	3			%W								yes	yes	myctophid	
olivar2019	2019				unknown	tropical	atlantic	brazil	mocness	0	200	-10	8	26	-40	-25	-10	myctophum	myctophum	myctophum nitidulum	myctophum nitidulum			oblique	adult	56	64.5	73	73	110		sia	6			%W								yes	yes	myctophid	
olivar2019	2019				unknown	tropical	atlantic	brazil	mocness	0	200	-10	8	26	-40	-25	-10	myctophum	myctophum	myctophum punctatum	myctophum punctatum			oblique	adult	66	66	66	66	110		sia	3			%W								yes	yes	myctophid	
pakhomov1996	1996	feb,mar	1994	1985	multiple	polar	antarctic	southern ocean	pelagic trawl, bongo	0	80	-40	-54.5	-69	22	-8.5	-39	hygophum	hygophum	hygophum hygomii	hygophum hygomii	4.5	7	oblique, discrete depth	adult	14	15.5	17	17	81	81	gut	5		0	%W	copepods	crustaceans					yes	no	yes		
pakhomov1996	1996	feb,mar	1994	1985	multiple	polar	antarctic	southern ocean	pelagic trawl, bongo	0	80	-40	-54.5	-69	22	-8.5	-39	electrona	electrona	electrona carlsbergi	electrona carlsbergi	4.5	7	oblique, discrete depth	adult	13	15.5	18	18	127	112	gut	2		0	%W	copepods	crustaceans	chaetognatha	chaetognatha			yes	no	yes		
pakhomov1996	1996	feb,mar	1994	1985	multiple	polar	antarctic	southern ocean	pelagic trawl, bongo	0	80	-40	-54.5	-69	22	-8.5	-39	diogenichthys	diogenichthys	diogenichthys atlanticus	diogenichthys atlanticus	4.5	7	oblique, discrete depth	adult	14	16	18	18	50	29	gut	3		0	%W	copepods	crustaceans	tunicates	gelatinous			yes	no	yes		
pakhomov1996	1996	feb,mar	1994	1985	multiple	polar	antarctic	southern ocean	pelagic trawl, bongo	0	80	-40	-54.5	-69	22	-8.5	-39	bolinichthys	bolinichthys	bolinichthys supralateralis	bolinichthys supralateralis	4.5	7	oblique, discrete depth	adult	17	17	17	17	117	117	gut	1		0	%W	copepods	crustaceans					yes	no	yes		
pakhomov1996	1996	feb,mar	1994	1985	multiple	polar	antarctic	southern ocean	pelagic trawl, bongo	0	80	-40	-54.5	-69	22	-8.5	-39	scopelopsis	scopelopsis	scopelopsis multipunctatus	scopelopsis multipunctatus	4.5	7	oblique, discrete depth	adult	16	17	18	18	91	91	gut	2		0	%W	copepods	crustaceans					yes	no	yes		
pakhomov1996	1996	feb,mar	1994	1985	multiple	polar	antarctic	southern ocean	pelagic trawl, bongo	0	80	-40	-54.5	-69	22	-8.5	-39	lampadema	lampadena	lampadena pontifex	lampadena pontifex	4.5	7	oblique, discrete depth	adult	19	19.5	20	20	110	110	gut	2		0	%W	copepods	crustaceans	euphausiids	crustaceans			yes	no	yes		
pakhomov1996	1996	feb,mar	1994	1985	multiple	polar	antarctic	southern ocean	pelagic trawl, bongo	0	80	-40	-54.5	-69	22	-8.5	-39	benthosema	benthosema	benthosema suborbitale	benthosema suborbitale	4.5	7	oblique, discrete depth	adult	11	20	29	29	103	39	gut	6		0	%W	copepods	crustaceans	euphausiids	crustaceans			yes	no	yes		
pakhomov1996	1996	feb,mar	1994	1985	multiple	polar	antarctic	southern ocean	pelagic trawl, bongo	0	80	-40	-54.5	-69	22	-8.5	-39	symbolophorus	symbolophorus	symbolophorus evermanni	symbolophorus evermanni	4.5	7	oblique, discrete depth	adult	22	22	22	22	160	117	gut	1		0	%W	copepods	crustaceans					yes	no	yes		
pakhomov1996	1996	feb,mar	1994	1985	multiple	polar	antarctic	southern ocean	pelagic trawl, bongo	0	80	-40	-54.5	-69	22	-8.5	-39	symbolophorus	symbolophorus	symbolophorus barnardi	symbolophorus barnardi	4.5	7	oblique, discrete depth	adult	23	24	25	25	160	116	gut	2		0	%W	copepods	crustaceans	amphipods	crustaceans			yes	no	yes		
pakhomov1996	1996	feb,mar	1994	1985	multiple	polar	antarctic	southern ocean	pelagic trawl, bongo	0	80	-40	-54.5	-69	22	-8.5	-39	lampanyctus	lampanyctus	lampanyctus alatus	lampanyctus alatus	4.5	7	oblique, discrete depth	adult	19	25	31	31	300	61	gut	3		0	%W	copepods	crustaceans	euphausiids	crustaceans	amphipods	crustaceans	yes	no	yes		
pakhomov1996	1996	feb,mar	1994	1985	multiple	polar	antarctic	southern ocean	pelagic trawl, bongo	0	80	-40	-54.5	-69	22	-8.5	-39	lampanyctus	lampanyctus	lampanyctus pusillus	lampanyctus pusillus	4.5	7	oblique, discrete depth	adult	21	26.5	32	32	300	43	gut	2		16.7	%N	copepods	crustaceans	ostracods	crustaceans			yes	yes	yes		
pakhomov1996	1996	feb,mar	1994	1985	multiple	polar	antarctic	southern ocean	pelagic trawl, bongo	0	80	-40	-54.5	-69	22	-8.5	-39	diaphus	diaphus	diaphus meadi	diaphus meadi	4.5	7	oblique, discrete depth	adult	17	26.5	36	36	170	54	gut	2		0	%W	copepods	crustaceans					yes	no	yes		
pakhomov1996	1996	feb,mar	1994	1985	multiple	polar	antarctic	southern ocean	pelagic trawl, bongo	0	80	-40	-54.5	-69	22	-8.5	-39	protomyctophum	protomyctophum	protomyctophum luciferum	protomyctophum luciferum	4.5	7	oblique, discrete depth	adult	24	29.5	35	35	95	61	gut	38		0	%W	copepods	crustaceans	ostracods	crustaceans			yes	no	yes		
pakhomov1996	1996	feb,mar	1994	1985	multiple	polar	antarctic	southern ocean	pelagic trawl, bongo	0	80	-40	-54.5	-69	22	-8.5	-39	hygophum	hygophum	hygophum hanseni	hygophum hanseni	4.5	7	oblique, discrete depth	adult	20	30	40	40	81	67	gut	4		0	%W	copepods	crustaceans	euphausiids	crustaceans			yes	no	yes		
pakhomov1996	1996	feb,mar	1994	1985	multiple	polar	antarctic	southern ocean	pelagic trawl, bongo	0	80	-40	-54.5	-69	22	-8.5	-39	lampanyctus	lampanyctus	lampanyctus australis	lampanyctus australis	4.5	7	oblique, discrete depth	adult	25	31	37	37	300	131	gut	4		0	%W	copepods	crustaceans	amphipods	crustaceans			yes	no	yes		
pakhomov1996	1996	feb,mar	1994	1985	multiple	polar	antarctic	southern ocean	pelagic trawl, bongo	0	80	-40	-54.5	-69	22	-8.5	-39	diaphus	diaphus	diaphus hudsoni	diaphus hudsoni	4.5	7	oblique, discrete depth	adult	15	31.5	48	48	170	84	gut	18		3.3	%N	copepods	crustaceans	tunicates	gelatinous	chaetognatha	chaetognatha	yes	yes	yes		
pakhomov1996	1996	feb,mar	1994	1985	multiple	polar	antarctic	southern ocean	pelagic trawl, bongo	0	80	-40	-54.5	-69	22	-8.5	-39	gymnoscopelus	gymnoscopelus	gymnoscopelus microlampas	gymnoscopelus microlampas	4.5	7	oblique, discrete depth	adult	32	32	32	32	280	117	gut	1		0	%W	copepods	crustaceans	chaetognatha	chaetognatha			yes	no	yes		
pakhomov1996	1996	feb,mar	1994	1985	multiple	polar	antarctic	southern ocean	pelagic trawl, bongo	0	80	-40	-54.5	-69	22	-8.5	-39	diaphus	diaphus	diaphus luetkeni	diaphus luetkeni	4.5	7	oblique, discrete depth	adult	31	32	33	33	170	60	gut	2		0	%W	copepods	crustaceans	chaetognatha	chaetognatha			yes	no	yes		
pakhomov1996	1996	feb,mar	1994	1985	multiple	polar	antarctic	southern ocean	pelagic trawl, bongo	0	80	-40	-54.5	-69	22	-8.5	-39	krefftichthys	krefftichthys	krefftichthys anderssoni	krefftichthys anderssoni	4.5	7	oblique, discrete depth	adult	14	33.5	53	53	71	71	gut	3		0	%W	copepods	crustaceans	euphausiids	crustaceans			yes	no	yes		
pakhomov1996	1996	feb,mar	1994	1985	multiple	polar	antarctic	southern ocean	pelagic trawl, bongo	0	80	-40	-54.5	-69	22	-8.5	-39	electrona	electrona	electrona subaspera	electrona subaspera	4.5	7	oblique, discrete depth	adult	22	34.5	47	47	127	127	gut	2		0	%W	copepods	crustaceans	molluscs	molluscs	euphausiids	crustaceans	yes	no	yes		
pakhomov1996	1996	feb,mar	1994	1985	multiple	polar	antarctic	southern ocean	pelagic trawl, bongo	0	80	-40	-54.5	-69	22	-8.5	-39	lobianchia	lobianchia	lobianchia dofleini	lobianchia dofleini	4.5	7	oblique, discrete depth	adult	34	36	38	38	60	60	gut	3		0	%W	copepods	crustaceans					yes	no	yes		
pakhomov1996	1996	feb,mar	1994	1985	multiple	polar	antarctic	southern ocean	pelagic trawl, bongo	0	80	-40	-54.5	-69	22	-8.5	-39	diaphus	diaphus	diaphus taaningi	diaphus taaningi	4.5	7	oblique, discrete depth	adult	12	36	60	60	170	70	gut	17		0.9	%N	copepods	crustaceans	molluscs	molluscs	chaetognatha	chaetognatha	yes	yes	yes		
pakhomov1996	1996	feb,mar	1994	1985	multiple	polar	antarctic	southern ocean	pelagic trawl, bongo	0	80	-40	-54.5	-69	22	-8.5	-39	protomyctophum	protomyctophum	protomyctophum normani	protomyctophum normani	4.5	7	oblique, discrete depth	adult	17	36.5	56	56	95	56	gut	38		3.7	%N	copepods	crustaceans	euphausiids	crustaceans	amphipods	crustaceans	yes	yes	yes		
pakhomov1996	1996	feb,mar	1994	1985	multiple	polar	antarctic	southern ocean	pelagic trawl, bongo	0	80	-40	-54.5	-69	22	-8.5	-39	protomyctophum	protomyctophum	protomyctophum andriashevi	protomyctophum andriashevi	4.5	7	oblique, discrete depth	adult	23	37.5	52	52	95	60	gut	4		0	%W	copepods	crustaceans	ostracods	crustaceans	amphipods	crustaceans	yes	no	yes		
pakhomov1996	1996	feb,mar	1994	1985	multiple	polar	antarctic	southern ocean	pelagic trawl, bongo	0	80	-40	-54.5	-69	22	-8.5	-39	ceratoscopelus	ceratoscopelus	ceratoscopelus warmingii	ceratoscopelus warmingii	4.5	7	oblique, discrete depth	adult	16	45.5	75	75	184	102	gut	45		0	%W	copepods	crustaceans	euphausiids	crustaceans	ostracods	crustaceans	yes	no	yes		
pakhomov1996	1996	feb,mar	1994	1985	multiple	polar	antarctic	southern ocean	pelagic trawl, bongo	0	80	-40	-54.5	-69	22	-8.5	-39	notoscopelus	notoscopelus	notoscopelus resplendens	notoscopelus resplendens	4.5	7	oblique, discrete depth	adult	42	49.5	57	57	143	95	gut	5		0	%W	copepods	crustaceans	euphausiids	crustaceans	polychaetes	polychaetes	yes	no	yes		
pakhomov1996	1996	feb,mar	1994	1985	multiple	polar	antarctic	southern ocean	pelagic trawl, bongo	0	80	-40	-54.5	-69	22	-8.5	-39	protomyctophum	protomyctophum	protomyctophum choriodon	protomyctophum choriodon	4.5	7	oblique, discrete depth	adult	25	50.5	76	76	95	95	gut	4		0	%W	copepods	crustaceans	amphipods	crustaceans	euphausiids	crustaceans	yes	no	yes		
pakhomov1996	1996	feb,mar	1994	1985	multiple	polar	antarctic	southern ocean	pelagic trawl, bongo	0	80	-40	-54.5	-69	22	-8.5	-39	metelectrona	metelectrona	metelectrona herwigi	metelectrona herwigi	4.5	7	oblique, discrete depth	adult	46	51.5	57	57	55	55	gut	2		1.5	%N	euphausiids	crustaceans	copepods	crustaceans	molluscs	molluscs	no	yes	yes		
pakhomov1996	1996	feb,mar	1994	1985	multiple	polar	antarctic	southern ocean	pelagic trawl, bongo	0	80	-40	-54.5	-69	22	-8.5	-39	protomyctophum	protomyctophum	protomyctophum bolini	protomyctophum bolini	4.5	7	oblique, discrete depth	adult	53	55	57	57	95	67	gut	5		0	%W	copepods	crustaceans	amphipods	crustaceans	euphausiids	crustaceans	yes	no	yes		
pakhomov1996	1996	feb,mar	1994	1985	multiple	polar	antarctic	southern ocean	pelagic trawl, bongo	0	80	-40	-54.5	-69	22	-8.5	-39	electrona	electrona	electrona antarctica	electrona antarctica	4.5	7	oblique, discrete depth	adult	25	55	85	85	127	115	gut	52		0.9	%N	copepods	crustaceans	chaetognatha	chaetognatha	euphausiids	crustaceans	yes	yes	yes		
pakhomov1996	1996	feb,mar	1994	1985	multiple	polar	antarctic	southern ocean	pelagic trawl, bongo	0	80	-40	-54.5	-69	22	-8.5	-39	electrona	electrona	electrona paucirastra	electrona paucirastra	4.5	7	oblique, discrete depth	adult	48	57	66	66	127	70	gut	8		0	%W	copepods	crustaceans	molluscs	molluscs	euphausiids	crustaceans	yes	no	yes		
pakhomov1996	1996	feb,mar	1994	1985	multiple	polar	antarctic	southern ocean	pelagic trawl, bongo	0	80	-40	-54.5	-69	22	-8.5	-39	symbolophorus	symbolophorus	symbolophorus boops	symbolophorus boops	4.5	7	oblique, discrete depth	adult	25	61	97	97	160	160	gut	26		0.6	%N	copepods	crustaceans	euphausiids	crustaceans	amphipods	crustaceans	yes	yes	yes		
pakhomov1996	1996	feb,mar	1994	1985	multiple	polar	antarctic	southern ocean	pelagic trawl, bongo	0	80	-40	-54.5	-69	22	-8.5	-39	gymnoscopelus	gymnoscopelus	gymnoscopelus bolini	gymnoscopelus bolini	4.5	7	oblique, discrete depth	adult	24	61	98	98	280	280	gut	10		0	%W	copepods	crustaceans	euphausiids	crustaceans	ostracods	crustaceans	yes	no	yes		
pakhomov1996	1996	feb,mar	1994	1985	multiple	polar	antarctic	southern ocean	pelagic trawl, bongo	0	80	-40	-54.5	-69	22	-8.5	-39	diaphus	diaphus	diaphus effulgens	diaphus effulgens	4.5	7	oblique, discrete depth	adult	73	73	73	73	170	150	gut	1		50	%N	copepods	crustaceans	pisces	pisces			yes	yes	yes	myctophids	
pakhomov1996	1996	feb,mar	1994	1985	multiple	polar	antarctic	southern ocean	pelagic trawl, bongo	0	80	-40	-54.5	-69	22	-8.5	-39	gymnoscopelus	gymnoscopelus	gymnoscopelus nicholsi	gymnoscopelus nicholsi	4.5	7	oblique, discrete depth	adult	69	104	139	139	280	191	gut	33		0	%W	copepods	crustaceans	euphausiids	crustaceans	chaetognatha	chaetognatha	yes	no	yes		
pakhomov1996	1996	feb,mar	1994	1985	multiple	polar	antarctic	southern ocean	pelagic trawl, bongo	0	80	-40	-54.5	-69	22	-8.5	-39	gymnoscopelus	gymnoscopelus	gymnoscopelus opisthopterus	gymnoscopelus opisthopterus	4.5	7	oblique, discrete depth	adult	64	109	154	154	280	162	gut	32		13.8	%N	euphausiids	crustaceans	copepods	crustaceans	chaetognatha	chaetognatha	no	yes	yes		
pearcy1979	1979	sep,nov,jun	1972	1974	multiple	temperate	pacific	us	ikmt	0	700	44.666	44.666	44.666	-125.583	-125.583	-125.583	stenobrachius	stenobrachius	stenobrachius leucopsarus	stenobrachius leucopsarus			discrete depth	adult	20	50	80	80	130	130	gut	696			%W	euphausiids	crustaceans	copepods	crustaceans	ostracods	crustaceans	no	yes	yes		
pepin2013	2013	jun,jul,aug,sep	2006	2006	summer	temperate	atlantic	labrador sea	multinet, plankton	0	600	46	52	58	-58	-51	-44	benthosema	benthosema	benthosema glaciale	benthosema glaciale	202	202		adult	15		85			103	gut	919		0	%W	copepods	crustaceans	euphausiids	crustaceans	ostracods	crustaceans	yes	no	no		
podraxhanskaya1993	1993	jul,aug,sept,oct	1983	1983	summer	temperate	atlantic	canada		60	400	40	45	50	-60	-45	-30	protomyctophum	protomyctophum	protomyctophum arcticum	protomyctophum arcticum				adult	35	37.5	40	40	95	60	gut	7		0	%W	copepods	crustaceans					yes	no	yes		
podraxhanskaya1993	1993	jul,aug,sept,oct	1983	1983	summer	temperate	atlantic	canada		60	400	40	45	50	-60	-45	-30	hygophum	hygophum	hygophum benoiti	hygophum benoiti				adult	40	50	60	60	81	78	gut	28		4.7	%W	copepods	crustaceans	amphipods	crustaceans	euphausiids	crustaceans	yes	yes	yes		
podraxhanskaya1993	1993	jul,aug,sept,oct	1983	1983	summer	temperate	atlantic	canada		60	400	40	45	50	-60	-45	-30	benthosema	benthosema	benthosema glaciale	benthosema glaciale				adult	35	50	65	65	103	103	gut	86		2.6	%W	copepods	crustaceans	amphipods	crustaceans	euphausiids	crustaceans	yes	yes	yes		
podraxhanskaya1993	1993	jul,aug,sept,oct	1983	1983	summer	temperate	atlantic	canada		60	400	40	45	50	-60	-45	-30	diaphus	diaphus	diaphus rafinesquii	diaphus rafinesquii				adult	30	50	70	70	170	94	gut	24		0	%W	euphausiids	crustaceans	copepods	crustaceans	decapods	crustaceans	no	no	yes		
podraxhanskaya1993	1993	jul,aug,sept,oct	1983	1983	summer	temperate	atlantic	canada		60	400	40	45	50	-60	-45	-30	ceratoscopelus	ceratoscopelus	ceratoscopelus maderensis	ceratoscopelus maderensis				adult	45	62.5	80	80	184	89	gut	65		0	%W	amphipods	crustaceans	euphausiids	crustaceans	copepods	crustaceans	no	no	yes		
podraxhanskaya1993	1993	jul,aug,sept,oct	1983	1983	summer	temperate	atlantic	canada		60	400	40	45	50	-60	-45	-30	lobianchia	lobianchia	lobianchia dofleini	lobianchia dofleini				adult	30	70	110	110	60	60	gut	20		0.8	%W	copepods	crustaceans	euphausiids	crustaceans	amphipods	crustaceans	yes	yes	yes		
podraxhanskaya1993	1993	jul,aug,sept,oct	1983	1983	summer	temperate	atlantic	canada		60	400	40	45	50	-60	-45	-30	myctophum	myctophum	myctophum punctatum	myctophum punctatum				adult	55	72.5	90	90	110	110	gut	44		0	%W	euphausiids	crustaceans	copepods	crustaceans	amphipods	crustaceans	no	no	yes		
podraxhanskaya1993	1993	jul,aug,sept,oct	1983	1983	summer	temperate	atlantic	canada		60	400	40	45	50	-60	-45	-30	electrona	electrona	electrona risso	electrona risso				adult	60	75	90	90	127	84	gut	15		5	%W	copepods	crustaceans	euphausiids	crustaceans	decapods	crustaceans	yes	yes	yes		
podraxhanskaya1993	1993	jul,aug,sept,oct	1983	1983	summer	temperate	atlantic	canada		60	400	40	45	50	-60	-45	-30	notoscopelus	notoscopelus	notoscopelus bolini	notoscopelus bolini				adult	45	75	105	105	143	102	gut	11		7.1	%W	euphausiids	crustaceans	copepods	crustaceans	pisces	pisces	no	yes	yes		
podraxhanskaya1993	1993	jul,aug,sept,oct	1983	1983	summer	temperate	atlantic	canada		60	400	40	45	50	-60	-45	-30	symbolophorus	symbolophorus	symbolophorus veranyi	symbolophorus veranyi				adult	85	102.5	120	120	160	125	gut	3		65.7	%W	pisces	pisces	amphipods	crustaceans	euphausiids	crustaceans	no	yes	yes		
podraxhanskaya1993	1993	jul,aug,sept,oct	1983	1983	summer	temperate	atlantic	canada		60	400	40	45	50	-60	-45	-30	notoscopelus	notoscopelus	notoscopelus elongatus	notoscopelus elongatus				adult	75	105	135	135	143	142	gut	41		0	%W	euphausiids	crustaceans	copepods	crustaceans	polychaetes	polychaetes	no	no	yes		
pusch2004	2004	sep	1998	1998	fall	temperate	atlantic	morrocco	pelagic trawl	0	400	29	29.5	30	-28	-28	-28	lobianchia	lobianchia	lobianchia dofleini	lobianchia dofleini	11	100	oblique, discrete depth	adult	21	27.5	34	34	60	60	gut	71		1	N	ostracods	crustaceans	copepods	crustaceans	euphausiids	crustaceans	no	yes	yes		
pusch2004	2004	sep	1998	1998	fall	temperate	atlantic	morrocco	pelagic trawl	0	400	29	29.5	30	-28	-28	-28	hygophum	hygophum	hygophum hygomii	hygophum hygomii	11	100	oblique, discrete depth	adult	29	46	63	63	81	81	gut	58		0	%W	amphipods	crustaceans	copepods	crustaceans	pteropods	molluscs	no	no	yes		
pusch2004	2004	sep	1998	1998	fall	temperate	atlantic	morrocco	pelagic trawl	0	400	29.785	29.992	30.2	-28.234	-28.434	-28.634	ceratoscopelus	ceratoscopelus	ceratoscopelus warmingii	ceratoscopelus warmingii	11	100	oblique, discrete depth	adult	20	48	76	76	184	102	gut	85		0	%W	amphipods	crustaceans	pteropods	molluscs	ostracods	crustaceans	no	no	yes		
riaz2020	2020	jan,feb	2016	2016	summer	polar	antarctic	kerguelen axis	pelagic trawl	0	1000	-60	-62.5	-65	95	85	75	krefftichthys	krefftichthys	krefftichthys anderssoni	krefftichthys anderssoni	20	20	discrete depth	adult	25	52.5	80	80	71	71	gut	63		1.1	%W	copepods	crustaceans	euphausiids	crustaceans	crustaceans	crustaceans	yes	yes	yes		
riaz2020	2020	jan,feb	2016	2016	summer	polar	antarctic	kerguelen axis	pelagic trawl	0	1000	-60	-62.5	-65	95	85	75	electrona	electrona	electrona antarctica	electrona antarctica	20	20	discrete depth	adult	25	75	125	125	127	115	gut	116		57.2	%W	amphipods	crustaceans	pisces	pisces	euphausiids	crustaceans	no	yes	yes		
riaz2020	2020	jan,feb	2016	2016	summer	polar	antarctic	kerguelen axis	pelagic trawl	0	1000	-60	-62.5	-65	95	85	75	gymnoscopelus	gymnoscopelus	gymnoscopelus braueri	gymnoscopelus braueri	20	20	discrete depth	adult	65	107.5	150	150	280	220	gut	74		2.9	%W	euphausiids	crustaceans	amphipods	crustaceans	crustaceans	crustaceans	no	yes	yes		
rissik2000	2000	feb	1993	1993	summer	tropical	pacific	australia	neuston	0	120	-23	-23	-23	150	150	150	myctophum	myctophum	myctophum sp.	myctophum sp.			discrete depth, surface	larvae	8		16				gut	211		0	%W	copepods	crustaceans	cladoceran	crustaceans	amphipods	crustaceans	yes	no	yes		
rissik2000	2000	feb	1993	1993	summer	tropical	pacific	australia	neuston	0	120	-23	-23	-23	150	150	150	diaphus	diaphus	diaphus kapalae	diaphus kapalae			discrete depth, surface	larvae	9		16				gut	154		0	%W	copepods	crustaceans	cladoceran	crustaceans	ostracods	crustaceans	yes	no	yes		
robison1984	1984	aug	1978	1978	summer	temperate	pacific	hawaii	pelagic trawl	0	800	30.05	30.05	30.05	-157.766	-157.766	-157.766	ceratoscopelus	ceratoscopelus	ceratoscopelus warmingii	ceratoscopelus warmingii	5	5	discrete depth	adult	4		6			102	gut	9		0	%W	diatoms	diatoms	copepods	crustaceans	euphausiids	crustaceans	no	no	yes		
rodriguez2005	2005	jan,feb,march,april,may,jun,jul	1997	1997	summer	tropical	pacific	chile	tucker, plankton	0	150	-23	-27.5	-32	-71	-70	-71	diogenichthys	diogenichthys	diogenichthys laternatus	diogenichthys laternatus			oblique	larvae	2	6.5	11	11	50	50	gut	1830		0	%W	crustaceans	crustaceans	ostracods	crustaceans	copepods	crustaceans	no	no	yes		
rodriguez2005	2005	jan,feb,march,april,may,jun,jul	1997	1997	summer	tropical	pacific	chile	tucker, plankton	0	150	-23	-27.5	-32	-71	-70	-71	triphoturus	triphoturus	triphoturus mexicanus	triphoturus mexicanus			oblique	larvae	2	6.5	11	11	81	70	gut	614		8.33	%N	crustaceans	crustaceans	ostracods	crustaceans	copepods	crustaceans	no	yes	yes	Carangidae	
ruiz2024	2024	oct,nov,dec	2006	2009	multiple	temperate	atlantic	scotia sea	rmt	0	1000	-50	-55	-60	-50	-40	-30	electrona	electrona	electrona carlsbergi	electrona carlsbergi				adult							dna	65		0	%W								no	yes		
ruiz2024	2024	oct,nov,dec	2006	2009	multiple	temperate	atlantic	scotia sea	rmt	0	1000	-50	-55	-60	-50	-40	-30	electrona	electrona	electrona antarctica	electrona antarctica			discrete depth	adult				127	127		dna	23			%W	euphausiids						no	yes	yes	Aulopiformes	
sabates2000	2000	jun	1995	1995	summer	temperate	atlantic	mediterranean	bongo, neuston	0	200	40.916	40.916	40.916	2.666	2.666	2.666	myctophum	myctophum	myctophum punctatum	myctophum punctatum			oblique, surface	larvae	5		13			110	gut			0	%W	copepods	crustaceans					yes	no	no		
sabates2000	2000	jun	1995	1995	summer	temperate	atlantic	mediterranean	bongo, neuston	0	200	40.916	40.916	40.916	2.666	2.666	2.666	lampanyctus	lampanyctus	lampanyctus crocodilus	lampanyctus crocodilus			oblique, surface	larvae	3		12			300	gut			0	%W	copepods	crustaceans					yes	no	no		
sabates2000	2000	jun	1995	1995	summer	temperate	atlantic	mediterranean	bongo, neuston	0	200	40.916	40.916	40.916	2.666	2.666	2.666	hygophum	hygophum	hygophum benoiti	hygophum benoiti			oblique, surface	larvae	2		16			78	gut			0	%W	copepods	crustaceans					yes	no	no		
sabates2000	2000	jun	1995	1995	summer	temperate	atlantic	mediterranean	bongo, neuston	0	200	40.916	40.916	40.916	2.666	2.666	2.666	ceratoscopelus	ceratoscopelus	ceratoscopelus maderensis	ceratoscopelus maderensis			oblique, surface	larvae	2		8			89	gut			0	%W	copepods	crustaceans					yes	no	no		
sabates2000	2000	jun	1995	1995	summer	temperate	atlantic	mediterranean	bongo, neuston	0	200	40.916	40.916	40.916	2.666	2.666	2.666	benthosema	benthosema	benthosema glaciale	benthosema glaciale			oblique, surface	larvae	2		10			103	gut			0	%W	copepods	crustaceans					yes	no	no		
sabates2003	2003	sep	1999	1999	fall	temperate	atlantic	mediterranean	bongo, neuston	0	200	36	36.191	36.383	-4.233	-4.249	-4.266	benthosema	benthosema	benthosema glaciale	benthosema glaciale			surface	larvae	2		12			103	gut	542		0	%W	copepods	crustaceans	crustaceans	crustaceans	ostracods	crustaceans	yes	no	no		
sabates2003	2003	sep	1999	1999	fall	temperate	atlantic	mediterranean	bongo, neuston	0	200	36	36.191	36.383	-4.233	-4.249	-4.266	myctophum	myctophum	myctophum punctatum	myctophum punctatum			surface	larvae	3		14			110	gut	186		0	%W	copepods	crustaceans	ostracods	crustaceans	crustacean larvae	crustaceans	yes	no	no		
sameoto1988	1988	april,may,jun,jul,oc	1977	1985	multiple	tropical	atlantic	canada	rmt, neuston	0	1400	42	43	44	-61	-59.5	-58	benthosema	benthosema	benthosema glaciale	benthosema glaciale			oblique, surface	adult	15	47.5	80	80	103	103	gut	79		0.04	%N	copepods	crustaceans	amphipods	crustaceans	euphausiids	crustaceans	yes	yes	yes		
sassa 2023	2023	feb,march	2008	2017	spring	temperate	pacific	south china sea	otter trawl, neuston	0	563	25	27.5	30	122	126.5	131	diaphus	diaphus	diaphus fulgens	diaphus fulgens	1.59	9	oblique, discrete depth, surface	adult	25	34.5	44	44	170		gut	75		1.11	%W	appendicularian						no	yes	yes		
sassa2004	2004	may,jun	1997	1997	spring	temperate	pacific	canada	mocness, ikmt	0	200	35	37.5	40	140	147.5	175	diaphus	diaphus	diaphus garmani	diaphus garmani	0.33	1	oblique, discrete depth	larvae	4		11			60	gut	215		0	%W	tunicata	gelatinous	copepods	crustaceans	euphausiids	crustaceans	no	no	yes		
sassa2004	2004	may,jun	1997	1997	spring	temperate	pacific	canada	mocness, ikmt	0	200	35	37.5	40	140	147.5	175	myctophum	myctophum	myctophum asperum	myctophum asperum	0.33	1	oblique, discrete depth	larvae	4		16			85	gut	375		0	%W	ostracods	crustaceans	polychaetes	polychaetes	copepods	crustaceans	no	no	yes		
sassa2005	2005	may,jun	1997	1997	spring	temperate	pacific	canada	mocness, ikmt	0	100	35	37.5	40	140	147.5	175	protomyctophum	protomyctophum	protomyctophum thompsoni	protomyctophum thompsoni	0.33	1	oblique, discrete depth	larvae	4		19			52	gut	157		0	%W	copepods	crustaceans	euphausiids	crustaceans	ostracods	crustaceans	yes	no	yes		
sassa2005	2005	may,jun	1997	1997	spring	temperate	pacific	canada	mocness, ikmt	0	100	35	37.5	40	140	147.5	175	diaphus	diaphus	diaphus theta	diaphus theta	0.33	1	oblique, discrete depth	larvae	4		13			114	gut	172		0	%W	copepods	crustaceans	euphausiids	crustaceans	appendicularians	gelatinous	yes	no	yes		
sassa2005	2005	may,jun	1997	1997	spring	temperate	pacific	canada	mocness, ikmt	0	100	35	37.5	40	140	147.5	175	tarletonbeania	tarletonbeania	tarletonbeania taylori	tarletonbeania taylori	0.33	1	oblique, discrete depth	larvae	5		16			70	gut	122		0	%W	copepods	crustaceans	polychaetes	polychaetes	euphausiids	crustaceans	yes	no	yes		
sassa2010	2010	may,jun	1997	1997	spring	temperate	pacific	japan		0	100	35	37.5	40	140	147.5	175	symbolophorus	symbolophorus	symbolophorus californiensis	symbolophorus californiensis	0.33	1.5	oblique	larvae	4		22			110	gut	263		0	%W	copepods	crustaceans	euphausiids	crustaceans	ostracods	crustaceans	yes	no	yes		
sassa2019	2019	feb, march	2003	2016	spring	temperate	pacific	japan		0	0	29	31.5	34	128	134	140	symbolophorus	symbolophorus	symbolophorus californiensis	symbolophorus californiensis	0.33	1.5	oblique	adult	88	103.5	119	119	160		gut	50		0.43	%W	copepods						yes	yes	yes		
sassa2020	2020	feb,mar	2003	2016	spring	temperate	pacific	japan	neuston	0	5000	28	32	36	128	135	142	myctophum	myctophum	myctophum orientale	myctophum orientale	0.45	1.59	oblique, discrete depth	adult	10	35	60	60	110		gut	849		0	%W	appendicularians	urochardates	euphausiids	crustaceans	copepods	crustaceans	no	yes	yes		
saunders2014	2014	oct,april	2006	2009	multiple	polar	antarctic	southern ocean	rmt, bongo	0	1000	-50	-55	-60	-30	-45	-60	electrona	electrona	electrona antarctica	electrona antarctica	5	5	oblique, discrete depth	adult	20	70	120	120	127	115	gut	485		0.33	%W	copepods	crustaceans	euphausiids	crustaceans	amphipods	crustaceans	yes	yes	yes		
saunders2014	2014	oct,april	2006	2009	multiple	polar	antarctic	southern ocean	rmt, bongo	0	1000	-50	-55	-60	-30	-45	-60	electrona	electrona	electrona carlsbergi	electrona carlsbergi	5	5	oblique, discrete depth	adult	60	75	90	90	127	112	gut	185		0.3	%W	copepods	crustaceans	euphausiids	crustaceans	amphipods	crustaceans	yes	yes	yes		
saunders2015	2015	nov,jan,mar	2006	2009	multiple	polar	antarctic	scotia sea	rmt, bongo	0	1000	-50	-55	-60	-30	-45	-10	protomyctophum	protomyctophum	protomyctophum tenisoni	protomyctophum tenisoni	5	5	discrete depth	adult	30	45	60	60	95	54	gut	46		5.19	%W	copepods	crustaceans	euphausiids	crustaceans			yes	yes	yes		
saunders2015	2015	nov,jan,mar	2006	2009	multiple	polar	antarctic	scotia sea	rmt, bongo	0	1000	-50	-55	-60	-30	-45	-10	protomyctophum	protomyctophum	protomyctophum bolini	protomyctophum bolini	5	5	discrete depth	adult	20	45	70	70	95	67	gut	231		0	%W	copepods	crustaceans	euphausiids	crustaceans			yes	no	yes		
saunders2015	2015	nov,jan,mar	2006	2009	multiple	polar	antarctic	scotia sea	rmt, bongo	0	1000	-50	-55	-60	-30	-45	-10	protomyctophum	protomyctophum	protomyctophum choriodon	protomyctophum choriodon	5	5	discrete depth	adult	50	70	90	90	95	95	gut	37		0	%W	copepods	crustaceans	euphausiids	crustaceans	amphipods	crustaceans	yes	no	yes		
saunders2015b	2015	oct,nov,dec,jan,jeb,mar,april	2006	2009	multiple	polar	antarctic	scotia sea	rmt, bongo	0	1000	-63	-56.5	-50	-50	-40	-30	protomyctophum	protomyctophum	protomyctophum bolini	protomyctophum bolini			oblique, discrete depth	adult	23		66			67	gut	231		0	%W	copepods	crustaceans	euphausiids	crustaceans	ostracods	crustaceans	yes	no	no		
saunders2015b	2015	oct,nov,dec,jan,jeb,mar,april	2006	2009	multiple	polar	antarctic	scotia sea	rmt, bongo	0	1000	-63	-56.5	-50	-50	-40	-30	nannobrachium	protomyctophum	protomyctophum choriodon	protomyctophum choriodon			oblique, discrete depth	adult	15		74			95	gut	70		0	%W	copepods	crustaceans	euphausiids	crustaceans	ostracods	crustaceans	yes	no	no		
saunders2015b	2015	oct,nov,dec,jan,jeb,mar,april	2006	2009	multiple	polar	antarctic	scotia sea	rmt, bongo	0	1000	-63	-56.5	-50	-50	-40	-30	protomyctophum	protomyctophum	protomyctophum tenisoni	protomyctophum tenisoni			oblique, discrete depth	adult	32		55			54	gut	42		0	%W	copepods	crustaceans	euphausiids	crustaceans	ostracods	crustaceans	yes	no	no		
saunders2015b	2015	oct,nov,dec,jan,jeb,mar,april	2006	2009	multiple	polar	antarctic	scotia sea	rmt, bongo	0	1000	-63	-56.5	-50	-50	-40	-30	protomyctophum	lampanyctus	nannobrachium achirus	lampanyctus achirus			oblique, discrete depth	adult	65		167			162	gut	132		0	%W	copepods	crustaceans	euphausiids	crustaceans	ostracods	crustaceans	yes	no	no		
saunders2015b	2015	oct,nov,dec,jan,jeb,mar,april	2006	2009	multiple	polar	antarctic	scotia sea	rmt, bongo	0	1000	-63	-56.5	-50	-50	-40	-30	krefftichthys	krefftichthys	krefftichthys anderssoni	krefftichthys anderssoni			oblique, discrete depth	adult	15		74			71	gut	51		0	%W	copepods	crustaceans	euphausiids	crustaceans			yes	no	no		
saunders2015b	2015	oct,nov,dec,jan,jeb,mar,april	2006	2009	multiple	polar	antarctic	scotia sea	rmt, bongo	0	1000	-63	-56.5	-50	-50	-40	-30	gymnoscopelus	gymnoscopelus	gymnoscopelus braueri	gymnoscopelus braueri			oblique, discrete depth	adult	34		162			220	gut	82		0	%W	copepods	crustaceans	euphausiids	crustaceans	ostracods	crustaceans	yes	no	no		
saunders2015b	2015	oct,nov,dec,jan,jeb,mar,april	2006	2009	multiple	polar	antarctic	scotia sea	rmt, bongo	0	1000	-63	-56.5	-50	-50	-40	-30	gymnoscopelus	gymnoscopelus	gymnoscopelus fraseri	gymnoscopelus fraseri			oblique, discrete depth	adult	39		115			88	gut	67		0	%W	copepods	crustaceans	euphausiids	crustaceans	ostracods	crustaceans	yes	no	no		
saunders2015b	2015	oct,nov,dec,jan,jeb,mar,april	2006	2009	multiple	polar	antarctic	scotia sea	rmt, bongo	0	1000	-63	-56.5	-50	-50	-40	-30	gymnoscopelus	gymnoscopelus	gymnoscopelus nicholsi	gymnoscopelus nicholsi			oblique, discrete depth	adult	34		165			191	gut	126		0	%W	copepods	crustaceans	euphausiids	crustaceans	ostracods	crustaceans	yes	no	no		
saunders2015b	2015	oct,nov,dec,jan,jeb,mar,april	2006	2009	multiple	polar	antarctic	scotia sea	rmt, bongo	0	1000	-63	-56.5	-50	-50	-40	-30	electrona	electrona	electrona antarctica	electrona antarctica			oblique, discrete depth	adult	24		115			115	gut	71		0	%W	copepods	crustaceans	euphausiids	crustaceans	pteropods	molluscs	yes	no	no		
saunders2015b	2015	oct,nov,dec,jan,jeb,mar,april	2006	2009	multiple	polar	antarctic	scotia sea	rmt, bongo	0	1000	-63	-56.5	-50	-50	-40	-30	electrona	electrona	electrona carlsbergi	electrona carlsbergi			oblique, discrete depth	adult	68		90			112	gut	77		0	%W	copepods	crustaceans	tunicata	gelatinous	euphausiids	crustaceans	yes	no	no		
saunders2018	2018	oct,nov,dec,jan,jeb,mar,april	2006	2009	multiple	polar	antarctic	scotia sea	rmt, bongo	0	1000	-50	-56.5	-63	-20	-35	-50	protomyctophum	protomyctophum	protomyctophum tenisoni	protomyctophum tenisoni	5	5	oblique, discrete depth	adult	28	41.5	55	55	95	54	gut	36		0	%W	copepods	crustaceans	euphausiids	crustaceans			yes	no	no		
saunders2018	2018	oct,nov,dec,jan,jeb,mar,april	2006	2009	multiple	polar	antarctic	scotia sea	rmt, bongo	0	1000	-50	-56.5	-63	-20	-35	-50	protomyctophum	protomyctophum	protomyctophum bolini	protomyctophum bolini	5	5	oblique, discrete depth	adult	23	44.5	66	66	95	67	gut	231		0	%W	copepods	crustaceans	euphausiids	crustaceans			yes	no	no		
saunders2018	2018	oct,nov,dec,jan,jeb,mar,april	2006	2009	multiple	polar	antarctic	scotia sea	rmt, bongo	0	1000	-50	-56.5	-63	-20	-35	-50	krefftichthys	krefftichthys	krefftichthys anderssoni	krefftichthys anderssoni	5	5	oblique, discrete depth	adult	15	44.5	74	74	71	71	gut	281		0	%W	copepods	crustaceans	euphausiids	crustaceans			yes	no	no		
saunders2018	2018	oct,nov,dec,jan,jeb,mar,april	2006	2009	multiple	polar	antarctic	scotia sea	rmt, bongo	0	1000	-50	-56.5	-63	-20	-35	-50	electrona	electrona	electrona antarctica	electrona antarctica	5	5	oblique, discrete depth	adult	24	69.5	115	115	127	115	gut	485		0	%W	euphausiids	crustaceans	copepods	crustaceans	pteropods	molluscs	no	no	no		
saunders2018	2018	oct,nov,dec,jan,jeb,mar,april	2006	2009	multiple	polar	antarctic	scotia sea	rmt, bongo	0	1000	-50	-56.5	-63	-20	-35	-50	protomyctophum	protomyctophum	protomyctophum choriodon	protomyctophum choriodon	5	5	oblique, discrete depth	adult	55	70	85	85	95	95	gut	37		0	%W	euphausiids	crustaceans	copepods	crustaceans			no	no	no		
saunders2018	2018	oct,nov,dec,jan,jeb,mar,april	2006	2009	multiple	polar	antarctic	scotia sea	rmt, bongo	0	1000	-50	-56.5	-63	-20	-35	-50	gymnoscopelus	gymnoscopelus	gymnoscopelus fraseri	gymnoscopelus fraseri	5	5	oblique, discrete depth	adult	39	77	115	115	280	88	gut	103		0	%W	copepods	crustaceans	euphausiids	crustaceans			yes	no	no		
saunders2018	2018	oct,nov,dec,jan,jeb,mar,april	2006	2009	multiple	polar	antarctic	scotia sea	rmt, bongo	0	1000	-50	-56.5	-63	-20	-35	-50	electrona	electrona	electrona carlsbergi	electrona carlsbergi	5	5	oblique, discrete depth	adult	65	77.5	90	90	127	112	gut	185		0	%W	copepods	crustaceans	euphausiids	crustaceans	salps	gelatinous	yes	no	no		
saunders2018	2018	oct,nov,dec,jan,jeb,mar,april	2006	2009	multiple	polar	antarctic	scotia sea	rmt, bongo	0	1000	-50	-56.5	-63	-20	-35	-50	gymnoscopelus	gymnoscopelus	gymnoscopelus braueri	gymnoscopelus braueri	5	5	oblique, discrete depth	adult	34	98	162	162	280	220	gut	372		0	%W	copepods	crustaceans	euphausiids	crustaceans	ostracods	crustaceans	yes	no	no		
saunders2018	2018	oct,nov,dec,jan,jeb,mar,april	2006	2009	multiple	polar	antarctic	scotia sea	rmt, bongo	0	1000	-50	-56.5	-63	-20	-35	-50	gymnoscopelus	gymnoscopelus	gymnoscopelus nicholsi	gymnoscopelus nicholsi	5	5	oblique, discrete depth	adult	34	99.5	165	165	280	191	gut	40		0	%W	copepods	crustaceans	euphausiids	crustaceans			yes	no	no		
saunders2018	2018	oct,nov,dec,jan,jeb,mar,april	2006	2009	multiple	polar	antarctic	scotia sea	rmt, bongo	0	1000	-50	-56.5	-63	-20	-35	-50	nannobrachium	lampanyctus	nannobrachium achirus	lampanyctus achirus	5	5	oblique, discrete depth	adult	65	116	167	167	300	162	gut	24		0	%W	copepods	crustaceans	euphausiids	crustaceans	pisces	pisces	yes	no	no		
shreeve2009	2009	march,april	2004	2004	fall	temperate	atlantic	scotia sea	rmt	0	1000	-53	-53	-53	-37	-37.5	-38	gymnoscopelus	gymnoscopelus	gymnoscopelus braueri	gymnoscopelus braueri			oblique, discrete depth	adult	43		133			220	gut	98		0	%W	copepods	crustaceans	amphipods	crustaceans	euphausiids	crustaceans	yes	no	yes		
shreeve2009	2009	march,april	2004	2004	fall	temperate	atlantic	scotia sea	rmt	0	1000	-53	-53	-53	-37	-37.5	-38	krefftichthys	krefftichthys	krefftichthys anderssoni	krefftichthys anderssoni			oblique, discrete depth	adult	17		73			71	gut	30		0	%W	euphausiids	crustaceans	copepods	crustaceans	crustaceans	crustaceans	no	no	yes		
shreeve2009	2009	march,april	2004	2004	fall	temperate	atlantic	scotia sea	rmt	0	1000	-53	-53	-53	-37	-37.5	-38	nannobrachium	lampanyctus	nannobrachium achirus	lampanyctus achirus			oblique, discrete depth	adult	117		140			162	gut	16		0	%W	amphipods	crustaceans	crustaceans	crustaceans	copepods	crustaceans	no	no	yes		
shreeve2009	2009	march,april	2004	2004	fall	temperate	atlantic	scotia sea	rmt	0	1000	-53	-53	-53	-37	-37.5	-38	electrona	electrona	electrona carlsbergi	electrona carlsbergi			oblique, discrete depth	adult	47		112			112	gut	158		0	%W	copepods	crustaceans	crustaceans	crustaceans	salps	gelatinous	yes	no	yes		
shreeve2009	2009	march,april	2004	2004	fall	temperate	atlantic	scotia sea	rmt	0	1000	-53	-53	-53	-37	-37.5	-38	electrona	electrona	electrona antarctica	electrona antarctica			oblique, discrete depth	adult	71		93			115	gut	126		0	%W	amphipods	crustaceans	euphausiids	crustaceans	copepods	crustaceans	no	no	yes		
shreeve2009	2009	march,april	2004	2004	fall	temperate	atlantic	scotia sea	rmt	0	1000	-53	-53	-53	-37	-37.5	-38	protomyctophum	protomyctophum	protomyctophum bolini	protomyctophum bolini			oblique, discrete depth	adult	38		78			67	gut	61		0	%W	copepods	crustaceans	euphausiids	crustaceans	crustaceans	crustaceans	yes	no	yes		
shreeve2009	2009	march,april	2004	2004	fall	temperate	atlantic	scotia sea	rmt	0	1000	-53	-53	-53	-37	-37.5	-38	protomyctophum	protomyctophum	protomyctophum choriodon	protomyctophum choriodon			oblique, discrete depth	adult	51		85			95	gut	84		0	%W	copepods	crustaceans	euphausiids	crustaceans	crustaceans	crustaceans	yes	no	yes		
shreeve2009	2009	march,april	2004	2004	fall	temperate	atlantic	scotia sea	rmt	0	1000	-53	-53	-53	-37	-37.5	-38	gymnoscopelus	gymnoscopelus	gymnoscopelus fraseri	gymnoscopelus fraseri			oblique, discrete depth	adult	46		112			88	gut	56		0	%W	copepods	crustaceans	euphausiids	crustaceans	mysidacea	crustaceans	yes	no	yes		
shreeve2009	2009	march,april	2004	2004	fall	temperate	atlantic	scotia sea	rmt	0	1000	-53	-53	-53	-37	-37.5	-38	gymnoscopelus	gymnoscopelus	gymnoscopelus nicholsi	gymnoscopelus nicholsi			oblique, discrete depth	adult	52		149			191	gut	89		0	%W	copepods	crustaceans	euphausiids	crustaceans	amphipods	crustaceans	yes	no	yes		
stefanescu1992	1992	jul,aug,sept,oct	1988	1988	summer	temperate	atlantic	mediterranean		500	800	38.75	40.375	42	1.933	1.991	2.05	lampanyctus	lampanyctus	lampanyctus crocodilus	lampanyctus crocodilus				adult	5	11.5	18	18	300	300	gut	123		52.8	%N	copepods	crustaceans	pisces	pisces	mysidacea	crustaceans	yes	yes	yes	cyclothone braueri	
suntsov2008	2008	jun,aug,sep	2006	2006	multiple	temperate	pacific	us	pelagic trawl	30	50	48	45	42	-126	-125	-124	diaphus	diaphus	diaphus theta	diaphus theta				adult	19	44.5	70	70	170	114	gut	303		0.2	%W	thaliaceans	urochardates	amphipods	crustaceans	euphausiids	crustaceans	no	yes	yes		
suntsov2008	2008	jun,aug,sep	2006	2006	multiple	temperate	pacific	us	pelagic trawl	30	50	48	45	42	-126	-125	-124	stenbrachius	stenobrachius	stenobrachius leucopsarus	stenobrachius leucopsarus				adult	18	46	74	74	130	130	gut	219		0.01	%W	euphausiids	crustaceans	copepods	crustaceans	amphipods	crustaceans	no	yes	yes		
suntsov2008	2008	jun,aug,sep	2006	2006	multiple	temperate	pacific	us	pelagic trawl	30	50	48	45	42	-126	-125	-124	tarletonbeania	tarletonbeania	tarletonbeania crenularis	tarletonbeania crenularis				adult	24	52	80	80	127	127	gut	43		1.9	%W	euphausiids	crustaceans	amphipods	crustaceans	salps	gelatinous	no	yes	yes		
takagi2009	2009	may,jun	2002	2002	spring	temperate	pacific	japan	pelagic trawl	0	28	35	37.5	40	143	151.5	160	myctophum	myctophum	myctophum asperum	myctophum asperum	0.33	10		adult	14	35.5	57	57	110	85	gut	45		1.2	%N	copepods	crustaceans	tunicates	gelatinous	amphipods	crustaceans	yes	yes	yes		
takagi2009	2009	may,jun	2002	2002	spring	temperate	pacific	japan	pelagic trawl	0	28	35	37.5	40	143	151.5	160	symbolophorus	symbolophorus	symbolophorus californiensis	symbolophorus californiensis	0.33	10		adult	23	42	61	61	160	110	gut	41		0.1	%N	copepods	crustaceans	ostracods	crustaceans	euphausiids	crustaceans	yes	no	yes		
takagi2009	2009	may,jun	2002	2002	spring	temperate	pacific	japan	pelagic trawl	0	28	35	37.5	40	143	151.5	160	ceratoscopelus	ceratoscopelus	ceratoscopelus warmingii	ceratoscopelus warmingii	0.33	10		adult	17	43	69	69	184	102	gut	93		14.7	%N	ostracods	crustaceans	copepods	crustaceans	chaetognatha	chaetognatha	no	yes	yes		
tanaka2013	2013	jan,jun,sep	2003	2007	multiple	temperate	pacific	japan	pelagic trawl, bottom trawl	0	400	31	32	33	128	129	130	diaphus	diaphus	diaphus garmani	diaphus garmani	33	33		adult	32	44.5	57	57	170	60	gut	540		45.35	%W	copepods	crustaceans	appendicularians	gelatinous	decapods	crustaceans	yes	yes	yes	myctophids and others	
tanaka2013	2013	jan,jun,sep	2003	2007	multiple	temperate	pacific	japan	pelagic trawl, bottom trawl	0	400	31	32	33	128	129	130	diaphus	diaphus	diaphus chrysorhynchus	diaphus chrysorhynchus	33	33		adult	59	79.5	100	100	170	110	gut	419		70.1	%W	copepods	crustaceans	euphausiids	crustaceans	decapods	crustaceans	yes	yes	yes	myctophids and others	
tanimata2008	2008	sep,jun,jul	2002	2006	multiple	polar	arctic	bering sea	pelagic trawl	0	500	50	55	60	170	-170	-170	stenobrachius	stenobrachius	stenobrachius leucopsarus	stenobrachius leucopsarus	1.59	6	oblique, discrete depth	adult	18		104			130	gut	690		0	%W	copepods	crustaceans	ostracods	crustaceans	euphausiids	crustaceans	yes	no	yes		
turco2024	2024	aug, sept	2023	2023	summer	temperate	atlantic	mediterranean	bottom trawl	500	701	38	39	40	16	17	18	lobianchia	lobianchia	lobianchia gemellarii	lobianchia gemellarii				adult	70	90	110	110	60		gut	28		4.23	%W	crustaceans						no	yes	yes	hygophum benoiti, chauliodus sloani, myctophidae, osteichthyes	
tyler1975	1975		1963	1965	multiple	temperate	pacific	us	ikmt	0	200	44	44	44	-124	-124	-124	diaphus	diaphus	diaphus theta	diaphus theta	0.57	0.57	oblique	adult	20	45	70	70	170	114	gut	129		0	%W	copepods	crustaceans	euphausiids	crustaceans	ostracods	crustaceans	yes	no	yes		
tyler1975	1975		1963	1965	multiple	temperate	pacific	us	ikmt	0	200	44	44	44	-124	-124	-124	tarletonbeania	tarletonbeania	tarletonbeania crenularis	tarletonbeania crenularis	0.57	0.57	oblique	adult	20	50	80	80	127	127	gut	153		0	%W	euphausiids	crustaceans	copepods	crustaceans	amphipods	crustaceans	no	no	yes		
tyler1975	1975		1963	1965	multiple	temperate	pacific	us	ikmt	0	200	44	44	44	-124	-124	-124	stenobrachius	stenobrachius	stenobrachius leucopsarus	stenobrachius leucopsarus	0.57	0.57	oblique	adult	20	55	90	90	130	130	gut	366		0.3	%FO	copepods	crustaceans	euphausiids	crustaceans	amphipods	crustaceans	yes	yes	yes	unknown	
uchikawa2002	2002	april,may,jun,jul,aug,sept,oct	1996	1996	summer	temperate	pacific	japan	pelagic trawl, bottom trawl	300	1500	36.5	37.991	39.483	141.266	141.816	142.366	notoscopelus	notoscopelus	notoscopelus japonicus	notoscopelus japonicus	8	8		adult	9		22			133	gut	106		0	%W	crustaceans	crustaceans	euphausiids	crustaceans	copepods	crustaceans	no	no	no		
uchikawa2008	2008	april,oct	1996	1998	multiple	temperate	pacific	japan	pelagic trawl	250	1800	36	38.5	41	141	142	143	lampanyctus	lampanyctus	lampanyctus jordani	lampanyctus jordani				adult	31	79.5	128	128	300	140	gut	721		0.1	%W	euphausiids	crustaceans	copepods	crustaceans	amphipods	crustaceans	no	yes	yes	diogenichthys	
vannoord2013	2013	feb,april	2007	2007	spring	tropical	pacific	marianas		0	2	16.633	13.816	11	142.333	144.666	147	myctophum	myctophum	myctophum lychnobium	myctophum lychnobium				adult				38	110	38	gut	17		1.44	%N	molluscs	molluscs	amphipods	crustaceans	copepods	crustaceans	no	yes	yes		
vannoord2013	2013	feb,april	2007	2007	spring	tropical	pacific	marianas		0	2	16.633	13.816	11	142.333	144.666	147	symbolophorus	symbolophorus	symbolophorus evermanni	symbolophorus evermanni				adult				117	160	117	gut	14		22.2	%N	copepods	crustaceans	pisces	pisces	ostracods	crustaceans	yes	yes	yes		
vannoord2013	2013	feb,april	2007	2007	spring	tropical	pacific	marianas		0	2	16.633	13.816	11	142.333	144.666	147	centrobranchus	centrobranchus	centrobranchus andreae	centrobranchus andreae				adult	65	65	65	65	65	65	gut	5		0	%W	molluscs	molluscs	medusae	gelatinous	ostracods	crustaceans	no	no	yes		
vannoord2013b	2013	nov	2006	2006	fall	tropical	pacific	mexico	dip net, bongo	0	30	-10	0	10	-140	-110	-80	myctophum	myctophum	myctophum nitidulum	myctophum nitidulum				adult	47		53				gut	298		0	%W	copepods	crustaceans	ostracods	crustaceans	amphipods	crustaceans	yes	no	no		
vannoord2013b	2013	nov	2006	2006	fall	tropical	pacific	mexico	dip net, bongo	0	30	-10	0	10	-140	-110	-80	symbolophorus	symbolophorus	symbolophorus reversus	symbolophorus reversus				adult	55		64				gut	197		0	%W	copepods	crustaceans	euphausiids	crustaceans	ostracods	crustaceans	yes	no	no		
vannoord2013b	2013	nov	2006	2006	fall	tropical	pacific	mexico	dip net, bongo	0	30	-10	0	10	-140	-110	-80	gonichthys	gonichthys	gonichthys tenuiculus	gonichthys tenuiculus				adult	37		41				gut	61		0	%W	ostracods	crustaceans	amphipods	crustaceans	euphausiids	crustaceans	yes	no	no		
vannoord2016	2016	aug,sept,oct,nov	2006	2006	multiple	tropical	pacific	pacific	bongo, dip net, plankton	0	2	10	0	-10	-140	-110	-80	gonichthys	gonichthys	gonichthys tenuiculus	gonichthys tenuiculus			oblique	adult	38	38	38	38	50	50	gut	82		0	%W	ostracods	crustaceans	amphipods	crustaceans	euphausiids	crustaceans	no	no	yes		
vannoord2016	2016	aug,sept,oct,nov	2006	2006	multiple	tropical	pacific	pacific	bongo, dip net, plankton	0	2	10	0	-10	-140	-110	-80	myctophum	myctophum	myctophum nitidulum	myctophum nitidulum			oblique	adult	48	48	48	48	110	83	gut	299		0.25	%W	copepods	crustaceans	ostracods	crustaceans	amphipods	crustaceans	yes	yes	yes		
vannoord2016	2016	aug,sept,oct,nov	2006	2006	multiple	tropical	pacific	pacific	bongo, dip net, plankton	0	2	10	0	-10	-140	-110	-80	symbolophorus	symbolophorus	symbolophorus reversus	symbolophorus reversus			oblique	adult	56	56	56	56	160	89	gut	199		4.84	%W	copepods	crustaceans	euphausiids	crustaceans	ostracods	crustaceans	yes	yes	yes		
vasiliadis2024	2024	october,nov,dec	2006	2006	multiple	antarctic	antarctic	scotia sea	rmt	0	1000	-50	-55.5	-61	-32	-40.5	-49	electrona	electrona	electrona antarctica	electrona antarctica			disctrete depth	adult	36		83	127	127		gut and dna	18		17	N	copepods						yes	yes	yes	larval fish	
watanabe2002	2002	jan,feb,mar	1957	1999	winter	temperate	pacific	japan	neuston, plankton	0	1	29	32.5	36	130	137	144	myctohpum	myctophum	myctophum nitidulum	myctophum nitidulum			surface	adult						83	gut	171		0	%W	copepods	crustaceans	amphipods	crustaceans	euphausiids	crustaceans	yes	no	no		
watanabe2002	2002	jan,feb,mar	1957	1999	winter	temperate	pacific	japan	neuston, plankton	0	1	29	32.5	36	130	137	144	symbolophorus	symbolophorus	symbolophorus evermanni	symbolophorus evermanni			surface	adult						117	gut	481		0	%W	euphausiids	crustaceans	amphipods	crustaceans			no	no	no		
watanabe2002	2002	jan,feb,mar	1957	1999	winter	temperate	pacific	japan	neuston, plankton	0	1	29	32.5	36	130	137	144	centrobranchus	centrobranchus	centrobranchus brevirostris	centrobranchus brevirostris			surface	adult						40	gut	217		0	%W	molluscs	molluscs	tunicata	gelatinous	copepods	crustaceans	no	no	no		
watanabe2002	2002	jan,feb,mar	1957	1999	winter	temperate	pacific	japan	neuston, plankton	0	1	29	32.5	36	130	137	144	myctophum	myctophum	myctophum asperum	myctophum asperum			surface	adult						85	gut	539		0	%W	tunicata	gelatinous	copepods	crustaceans	euphausiids	crustaceans	no	no	no		
watanabe2003	2003	jan,feb,mar	1961	1992	winter	temperate	pacific	japan	neuston, plankton	0	1	29	32.5	36	130	137	144	myctophum	myctophum	myctophum nitidulum	myctophum nitidulum			surface	adult	16	23	30	30	110	83	gut	634		0	%W	euphausiids	crustaceans	copepods	crustaceans	amphipods	crustaceans	no	yes	yes	sardine larvae	
williams1985	1985	nov,dec	1981	1982	summer	polar	antarctic	antarctica		0	75	-62	-62	-62	60	74	88	krefftichthys	krefftichthys	krefftichthys anderssoni	krefftichthys anderssoni				adult	27	46.5	66	66	71	71	gut	26		7.64	%W	copepods	crustaceans	euphausiids	crustaceans	amphipods	crustaceans	yes	yes	yes		
williams1985	1985	nov,dec	1981	1982	summer	polar	antarctic	antarctica		0	75	-62	-62	-62	60	74	88	electrona	electrona	electrona antarctica	electrona antarctica				adult	20	57.5	95	95	127	115	gut	347		0.47	%W	copepods	crustaceans	euphausiids	crustaceans	amphipods	crustaceans	yes	yes	yes	myctophid	
williams1985	1985	nov,dec	1981	1982	summer	polar	antarctic	antarctica		0	75	-62	-62	-62	60	74	88	gymnoscopelus	gymnoscopelus	gymnoscopelus braueri	gymnoscopelus braueri				adult	41	95.5	150	150	280	220	gut	5		0	%W	euphausiids	crustaceans	copepods	crustaceans	amphipods	crustaceans	no	no	yes		
williams1985	1985	nov,dec	1981	1982	summer	polar	antarctic	antarctica		0	75	-62	-62	-62	60	74	88	gymnoscopelus	gymnoscopelus	gymnoscopelus nicholsi	gymnoscopelus nicholsi				adult	41	95.5	150	150	280	191	gut	5		0	%W	euphausiids	crustaceans	copepods	crustaceans	amphipods	crustaceans	no	no	yes		
williams2001	2001	feb,nov,april,jul	1992	1993	multiple	temperate	pacific	tasmania	pelagic trawl	0	900	-44.2	-44.2	-44.2	147.2	147.2	147.2	hygophum	hygophum	hygophum hanseni	hygophum hanseni			oblique, discrete depth	adult	23	40	57	57	81	67	gut	316		0.76	%W	euphausiids	crustaceans	copepods	crustaceans	decapods	crustaceans	no	yes	yes		
williams2001	2001	feb,nov,april,jul	1992	1993	multiple	temperate	pacific	tasmania	pelagic trawl	0	900	-44.2	-44.2	-44.2	147.2	147.2	147.2	diaphus	diaphus	diaphus danae	diaphus danae			oblique, discrete depth	adult	28	77	126	126	170	126	gut	506		4.02	%W	euphausiids	crustaceans	copepods	crustaceans	amphipods	crustaceans	no	yes	yes		
williams2001	2001	feb,nov,april,jul	1992	1993	multiple	temperate	pacific	tasmania	pelagic trawl	0	900	-44.2	-44.2	-44.2	147.2	147.2	147.2	lampanyctus	lampanyctus	lampanyctus australis	lampanyctus australis			oblique, discrete depth	adult	35	82	129	129	300	131	gut	810		2.65	%W	euphausiids	crustaceans	decapods	crustaceans	pisces	pisces	no	yes	yes		
woodstock2020	2020		2010	2017	multiple	tropical	atlantic	gulf of mexico	mocness	0	1500	27	28	29	-87	-89	-91	benthosema	benthosema	benthosema suborbitale	benthosema suborbitale	3	3	oblique, discrete depth	adult	17	24	31	31	103		gut	23		0	%W	copepods						yes	no	no		
woodstock2020	2020		2010	2017	multiple	tropical	atlantic	gulf of mexico	mocness	0	1500	27	28	29	-87	-89	-91	ceratoscopelus	ceratoscopelus	ceratoscopelus warmingii	ceratoscopelus warmingii	3	3	oblique, discrete depth	adult	21	31.5	42	42	184		gut	13		0	%W	copepods						yes	no	no		
woodstock2020	2020		2010	2017	multiple	tropical	atlantic	gulf of mexico	mocness	0	1500	27	28	29	-87	-89	-91	lampanyctus	lampanyctus	lampanyctus alatus	lampanyctus alatus	3	3	oblique, discrete depth	adult	18	36.5	55	55	300		gut	145		0	%W	copepods						yes	no	no		
woodstock2020	2020		2010	2017	multiple	tropical	atlantic	gulf of mexico	mocness	0	1500	27	28	29	-87	-89	-91	lepidophanes	lepidophanes	lepidophanes guentheri	lepidophanes guentheri	3	3	oblique, discrete depth	adult	15	37.5	60	60	80		gut	47		0	%W	copepods						yes	no	no		
woodstock2020	2020		2010	2017	multiple	tropical	atlantic	gulf of mexico	mocness	0	1500	27	28	29	-87	-89	-91	diaphus	diaphus	diaphus dumerilii	diaphus dumerilii	3	3	oblique, discrete depth	adult	21	39.5	58	58	170		gut	9		0	%W	copepods						yes	no	no		
woodstock2020	2020		2010	2017	multiple	tropical	atlantic	gulf of mexico	mocness	0	1500	27	28	29	-87	-89	-91	diaphus	diaphus	diaphus mollis	diaphus mollis	3	3	oblique, discrete depth	adult	32	41.5	51	51	170		gut	4		0	%W	copepods						yes	no	no		
woodstock2020	2020		2010	2017	multiple	tropical	atlantic	gulf of mexico	mocness	0	1500	27	28	29	-87	-89	-91	diaphus	diaphus	diaphus lucidus	diaphus lucidus	3	3	oblique, discrete depth	adult	57	77.5	98	98	170		gut	6		0	%W	decapods						no	no	no		
young1986	1986		1984	1984	multiple	temperate	pacific	tasmania	rmt	0	360	-42.65	-42.65	-42.65	148.466	148.466	148.466	lampanyctodes	lampanyctodes	lampanyctodes hectoris	lampanyctodes hectoris				adult	27	50	73	73	70	70	gut	975		1.6	%W	euphausiids	crustaceans	copepods	crustaceans	amphipods	crustaceans	no	yes	yes	unknown	
young1986	1986		1984	1985	multiple	temperate	pacific	tasmania	rmt	0	360	-42.65	-42.65	-42.65	148.466	148.466	148.466	diaphus	diaphus	diaphus danae	diaphus danae				adult	29	75.5	122	122	170	126	gut	538		82.9	%W	pisces	pisces	copepods	crustaceans	euphausiids	crustaceans	no	yes	yes	lampanyctodes hectoris, maurolicus muelleri, unknown	
zavala2019	2019		2015	2016	multiple	tropical	atlantic	chile	mocness, tucker, bongo	0	1000	-18	-27	-36	70	90	110	diogenichthys	diogenichthys	diogenichthys laternatus	diogenichthys laternatus				larvae	4	7	10	10	50		gut	153		0	%W	crustaceans						no	no	no		
zavala2019	2019		2015	2016	multiple	tropical	atlantic	chile	mocness, tucker, bongo	0	1000	-18	-27	-36	70	90	110	diogenichthys	diogenichthys	diogenichthys atlanticus	diogenichthys atlanticus			oblique	larvae	3	12.5	22	22	50		gut	103		0	%W	copepods						yes	no	no		
zhang2024	2024	dec,jan,feb,mar,apr	2021	2022	winter	temperate	pacific	east china sea	bottom trawl, neuston	200	300	27	41.5	56	125	126.5	128	diaphus	diaphus	diaphus watasei	diaphus watasei			surface	adult	91		147	50	170		gut	452		92.09	%W	fish						no	yes	yes	maurolicus muelleri, diaphus garmani, bregmaceros sp, polyipnus sp, unidentified	
